{
  "name": "nhsbsa-opendata",
  "bucket": "nhsbsa-opendata",
  "resources": [
    {
      "name": "EPD_201401.zip",
      "path": "DATOPIAN_DATA/EPD_201401.zip",
      "bytes": 531278716
    },
    {
      "name": "EPD_201402.zip",
      "path": "DATOPIAN_DATA/EPD_201402.zip",
      "bytes": 508847420
    },
    {
      "name": "EPD_201403.zip",
      "path": "DATOPIAN_DATA/EPD_201403.zip",
      "bytes": 526993785
    },
    {
      "name": "EPD_201404.zip",
      "path": "DATOPIAN_DATA/EPD_201404.zip",
      "bytes": 521574620
    },
    {
      "name": "EPD_201405.zip",
      "path": "DATOPIAN_DATA/EPD_201405.zip",
      "bytes": 529941368
    },
    {
      "name": "EPD_201406.zip",
      "path": "DATOPIAN_DATA/EPD_201406.zip",
      "bytes": 526716936
    },
    {
      "name": "EPD_201407.zip",
      "path": "DATOPIAN_DATA/EPD_201407.zip",
      "bytes": 538995130
    },
    {
      "name": "EPD_201408.zip",
      "path": "DATOPIAN_DATA/EPD_201408.zip",
      "bytes": 516010877
    },
    {
      "name": "EPD_201409.zip",
      "path": "DATOPIAN_DATA/EPD_201409.zip",
      "bytes": 530527842
    },
    {
      "name": "EPD_201410.zip",
      "path": "DATOPIAN_DATA/EPD_201410.zip",
      "bytes": 537747953
    },
    {
      "name": "EPD_201411.zip",
      "path": "DATOPIAN_DATA/EPD_201411.zip",
      "bytes": 516455939
    },
    {
      "name": "EPD_201412.zip",
      "path": "DATOPIAN_DATA/EPD_201412.zip",
      "bytes": 536940250
    },
    {
      "name": "EPD_201501.zip",
      "path": "DATOPIAN_DATA/EPD_201501.zip",
      "bytes": 529111249
    },
    {
      "name": "EPD_201502.zip",
      "path": "DATOPIAN_DATA/EPD_201502.zip",
      "bytes": 510720431
    },
    {
      "name": "EPD_201503.zip",
      "path": "DATOPIAN_DATA/EPD_201503.zip",
      "bytes": 532839240
    },
    {
      "name": "EPD_201504.zip",
      "path": "DATOPIAN_DATA/EPD_201504.zip",
      "bytes": 524867449
    },
    {
      "name": "EPD_201505.zip",
      "path": "DATOPIAN_DATA/EPD_201505.zip",
      "bytes": 520890871
    },
    {
      "name": "EPD_201506.zip",
      "path": "DATOPIAN_DATA/EPD_201506.zip",
      "bytes": 534419475
    },
    {
      "name": "EPD_201507.zip",
      "path": "DATOPIAN_DATA/EPD_201507.zip",
      "bytes": 540652556
    },
    {
      "name": "EPD_201508.zip",
      "path": "DATOPIAN_DATA/EPD_201508.zip",
      "bytes": 512849923
    },
    {
      "name": "EPD_201509.zip",
      "path": "DATOPIAN_DATA/EPD_201509.zip",
      "bytes": 529342411
    },
    {
      "name": "EPD_201510.zip",
      "path": "DATOPIAN_DATA/EPD_201510.zip",
      "bytes": 531440675
    },
    {
      "name": "EPD_201511.zip",
      "path": "DATOPIAN_DATA/EPD_201511.zip",
      "bytes": 523161374
    },
    {
      "name": "EPD_201512.zip",
      "path": "DATOPIAN_DATA/EPD_201512.zip",
      "bytes": 539510706
    },
    {
      "name": "EPD_201601.zip",
      "path": "DATOPIAN_DATA/EPD_201601.zip",
      "bytes": 521395036
    },
    {
      "name": "EPD_201602.zip",
      "path": "DATOPIAN_DATA/EPD_201602.zip",
      "bytes": 521218976
    },
    {
      "name": "EPD_201603.zip",
      "path": "DATOPIAN_DATA/EPD_201603.zip",
      "bytes": 529639606
    },
    {
      "name": "EPD_201604.zip",
      "path": "DATOPIAN_DATA/EPD_201604.zip",
      "bytes": 534259276
    },
    {
      "name": "EPD_201605.zip",
      "path": "DATOPIAN_DATA/EPD_201605.zip",
      "bytes": 524994122
    },
    {
      "name": "EPD_201606.zip",
      "path": "DATOPIAN_DATA/EPD_201606.zip",
      "bytes": 534928889
    },
    {
      "name": "EPD_201607.zip",
      "path": "DATOPIAN_DATA/EPD_201607.zip",
      "bytes": 529524147
    },
    {
      "name": "EPD_201608.zip",
      "path": "DATOPIAN_DATA/EPD_201608.zip",
      "bytes": 525220978
    },
    {
      "name": "EPD_201609.zip",
      "path": "DATOPIAN_DATA/EPD_201609.zip",
      "bytes": 530039835
    },
    {
      "name": "EPD_201610.zip",
      "path": "DATOPIAN_DATA/EPD_201610.zip",
      "bytes": 523178960
    },
    {
      "name": "EPD_201611.zip",
      "path": "DATOPIAN_DATA/EPD_201611.zip",
      "bytes": 530863204
    },
    {
      "name": "EPD_201612.zip",
      "path": "DATOPIAN_DATA/EPD_201612.zip",
      "bytes": 526566623
    },
    {
      "name": "EPD_201701.zip",
      "path": "DATOPIAN_DATA/EPD_201701.zip",
      "bytes": 521454318
    },
    {
      "name": "EPD_201702.zip",
      "path": "DATOPIAN_DATA/EPD_201702.zip",
      "bytes": 506476920
    },
    {
      "name": "EPD_201703.zip",
      "path": "DATOPIAN_DATA/EPD_201703.zip",
      "bytes": 538304418
    },
    {
      "name": "EPD_201704.zip",
      "path": "DATOPIAN_DATA/EPD_201704.zip",
      "bytes": 505967311
    },
    {
      "name": "EPD_201705.zip",
      "path": "DATOPIAN_DATA/EPD_201705.zip",
      "bytes": 528248930
    },
    {
      "name": "EPD_201706.zip",
      "path": "DATOPIAN_DATA/EPD_201706.zip",
      "bytes": 530688892
    },
    {
      "name": "EPD_201707.zip",
      "path": "DATOPIAN_DATA/EPD_201707.zip",
      "bytes": 522482983
    },
    {
      "name": "EPD_201708.zip",
      "path": "DATOPIAN_DATA/EPD_201708.zip",
      "bytes": 519083715
    },
    {
      "name": "EPD_201709.zip",
      "path": "DATOPIAN_DATA/EPD_201709.zip",
      "bytes": 516263623
    },
    {
      "name": "EPD_201710.zip",
      "path": "DATOPIAN_DATA/EPD_201710.zip",
      "bytes": 518162742
    },
    {
      "name": "EPD_201711.zip",
      "path": "DATOPIAN_DATA/EPD_201711.zip",
      "bytes": 522399853
    },
    {
      "name": "EPD_201712.zip",
      "path": "DATOPIAN_DATA/EPD_201712.zip",
      "bytes": 514060622
    },
    {
      "name": "EPD_201801.zip",
      "path": "DATOPIAN_DATA/EPD_201801.zip",
      "bytes": 521364083
    },
    {
      "name": "EPD_201802.zip",
      "path": "DATOPIAN_DATA/EPD_201802.zip",
      "bytes": 497173695
    },
    {
      "name": "EPD_201803.zip",
      "path": "DATOPIAN_DATA/EPD_201803.zip",
      "bytes": 516008749
    },
    {
      "name": "EPD_201804.zip",
      "path": "DATOPIAN_DATA/EPD_201804.zip",
      "bytes": 508776358
    },
    {
      "name": "EPD_201805.zip",
      "path": "DATOPIAN_DATA/EPD_201805.zip",
      "bytes": 516066049
    },
    {
      "name": "EPD_201806.zip",
      "path": "DATOPIAN_DATA/EPD_201806.zip",
      "bytes": 512249491
    },
    {
      "name": "EPD_201807.zip",
      "path": "DATOPIAN_DATA/EPD_201807.zip",
      "bytes": 511560378
    },
    {
      "name": "EPD_201808.zip",
      "path": "DATOPIAN_DATA/EPD_201808.zip",
      "bytes": 509504004
    },
    {
      "name": "EPD_201809.zip",
      "path": "DATOPIAN_DATA/EPD_201809.zip",
      "bytes": 498067173
    },
    {
      "name": "EPD_201810.zip",
      "path": "DATOPIAN_DATA/EPD_201810.zip",
      "bytes": 515050085
    },
    {
      "name": "EPD_201811.zip",
      "path": "DATOPIAN_DATA/EPD_201811.zip",
      "bytes": 508110400
    },
    {
      "name": "EPD_201812.zip",
      "path": "DATOPIAN_DATA/EPD_201812.zip",
      "bytes": 499971625
    },
    {
      "name": "EPD_201901.zip",
      "path": "DATOPIAN_DATA/EPD_201901.zip",
      "bytes": 510883044
    },
    {
      "name": "EPD_201902.zip",
      "path": "DATOPIAN_DATA/EPD_201902.zip",
      "bytes": 487005412
    },
    {
      "name": "EPD_201903.zip",
      "path": "DATOPIAN_DATA/EPD_201903.zip",
      "bytes": 505605028
    },
    {
      "name": "EPD_201904.zip",
      "path": "DATOPIAN_DATA/EPD_201904.zip",
      "bytes": 494419314
    },
    {
      "name": "EPD_201905.zip",
      "path": "DATOPIAN_DATA/EPD_201905.zip",
      "bytes": 509015705
    },
    {
      "name": "EPD_201906.zip",
      "path": "DATOPIAN_DATA/EPD_201906.zip",
      "bytes": 494523768
    },
    {
      "name": "EPD_201907.zip",
      "path": "DATOPIAN_DATA/EPD_201907.zip",
      "bytes": 501046232
    },
    {
      "name": "EPD_201908.zip",
      "path": "DATOPIAN_DATA/EPD_201908.zip",
      "bytes": 503378832
    },
    {
      "name": "EPD_201909.zip",
      "path": "DATOPIAN_DATA/EPD_201909.zip",
      "bytes": 494554474
    },
    {
      "name": "EPD_201910.zip",
      "path": "DATOPIAN_DATA/EPD_201910.zip",
      "bytes": 507712651
    },
    {
      "name": "EPD_201911.zip",
      "path": "DATOPIAN_DATA/EPD_201911.zip",
      "bytes": 502195686
    },
    {
      "name": "EPD_201912.zip",
      "path": "DATOPIAN_DATA/EPD_201912.zip",
      "bytes": 496039593
    },
    {
      "name": "EPD_202001.zip",
      "path": "DATOPIAN_DATA/EPD_202001.zip",
      "bytes": 503713957
    },
    {
      "name": "PCA/pca-data-2016.csv",
      "path": "DATOPIAN_DATA/PCA/pca-data-2016.csv",
      "bytes": 179859834
    },
    {
      "name": "PCA/pca-data-2017.csv",
      "path": "DATOPIAN_DATA/PCA/pca-data-2017.csv",
      "bytes": 180383172
    },
    {
      "name": "PCA/pca-data-2018.csv",
      "path": "DATOPIAN_DATA/PCA/pca-data-2018.csv",
      "bytes": 186752889
    },
    {
      "name": "PCA/pca-data-2019.csv",
      "path": "DATOPIAN_DATA/PCA/pca-data-2019.csv",
      "bytes": 185993044
    },
    {
      "name": "PCA/pca_2014.csv",
      "path": "DATOPIAN_DATA/PCA/pca_2014.csv",
      "bytes": 171541655
    },
    {
      "name": "PCA/pca_2015.csv",
      "path": "DATOPIAN_DATA/PCA/pca_2015.csv",
      "bytes": 174805534
    },
    {
      "name": "",
      "path": "English Prescribing Dataset Release Guidance v001.odt",
      "bytes": 232636
    },
    {
      "name": "",
      "path": "English Prescribing Dataset Release Guidance v001.pdf",
      "bytes": 243551
    }
  ]
}