{
  "name": "secondary-care-medicines-data",
  "owner_org": "future-dataset",
  "tableschema": {
    "fields": [
      {
        "name": "YEAR_MONTH",
        "title": "Year and Month as YYYY-MM",
        "type": "string",
        "description": "The year followed by the month of when the medicines were issued. For example: 2019-01"
      },
      {
        "name": "ODS_CODE",
        "title": "Organisation Data Service Code",
        "type": "string",
        "description": "The Trust's Organisation Data Service Code (ODS), for example R1A. Look up files are provided and maintained by NHS Digital, for example see: Trusts under https://digital.nhs.uk/services/organisation-data-service/data-downloads/other-nhs-organisations."
      },
      {
        "name": "VMP_SNOMED_CODE",
        "title": "Virtual Medicinal Product (VMP) SNOMED Code",
        "type": "integer",
        "description": "The Dictionary of Medicines and Devices (dm+d) Virtual Medicinal Product's (VMP) SNOMED code. For example: 322236009"
      },
      {
        "name": "VMP_PRODUCT_NAME",
        "title": "Virtual Medicinal Product (VMP) Product Name",
        "type": "string",
        "description": "The Dictionary of Medicines and Devices (dm+d) Virtual Medicinal Product's Name. For example: Paracetamol 500mg tablets."
      },
      {
        "name": "UNIT_OF_MEASURE_IDENTIFIER",
        "title": "Unit of Measure Identifier",
        "type": "integer",
        "description": "The unit of measure for the VMP quantity's SNOMED code, or the value 3314211000001106 if there is no value. For example: 428673006."
      },
      {
        "name": "UNIT_OF_MEASURE_NAME",
        "title": "Unit of Measure name",
        "type": "string",
        "description": "The Dictionary of Medicines and Devices (dm+d) unit of measure name for unit of measure identifier, unit dose form unit, or 'no value' if unknown. For example: tablet."
      },
      {
        "name": "TOTAL_QUANITY_IN_VMP_UNIT",
        "title": "Total Quantity in the Virtual Medicinal Product (VMP) Unit",
        "type": "float",
        "description": "The total quantity of medicines issued in Dictionary of Medicines and Devices (dm+d) unit dose form unit that the Virtual Medicinal Product (VMP) is defined, rounded to 2 decimal places. For example: 20."
      }
    ]
  },
  "resources": [
    {
      "name": "SCMD_201901",
      "path": "https://storage.googleapis.com/datopian-nhs/scmd/SCMD_201901.csv",
      "bytes": 31323950,
      "title": "Secondary Care Medicines Data (SCMD) - Jan 2019",
      "gs_url": "gs://datopian-nhs/scmd/SCMD_201901.csv",
      "format": "csv",
      "mediatype": "text/csv",
      "bq_table_name": "SCMD_201901",
      "bq_table_id": "bigquerytest-271707.nhs_production.SCMD_201901",
      "schema": {
        "fields": [
          {
            "name": "YEAR_MONTH",
            "title": "Year and Month as YYYY-MM",
            "type": "string",
            "description": "The year followed by the month of when the medicines were issued. For example: 2019-01"
          },
          {
            "name": "ODS_CODE",
            "title": "Organisation Data Service Code",
            "type": "string",
            "description": "The Trust's Organisation Data Service Code (ODS), for example R1A. Look up files are provided and maintained by NHS Digital, for example see: Trusts under https://digital.nhs.uk/services/organisation-data-service/data-downloads/other-nhs-organisations."
          },
          {
            "name": "VMP_SNOMED_CODE",
            "title": "Virtual Medicinal Product (VMP) SNOMED Code",
            "type": "integer",
            "description": "The Dictionary of Medicines and Devices (dm+d) Virtual Medicinal Product's (VMP) SNOMED code. For example: 322236009"
          },
          {
            "name": "VMP_PRODUCT_NAME",
            "title": "Virtual Medicinal Product (VMP) Product Name",
            "type": "string",
            "description": "The Dictionary of Medicines and Devices (dm+d) Virtual Medicinal Product's Name. For example: Paracetamol 500mg tablets."
          },
          {
            "name": "UNIT_OF_MEASURE_IDENTIFIER",
            "title": "Unit of Measure Identifier",
            "type": "integer",
            "description": "The unit of measure for the VMP quantity's SNOMED code, or the value 3314211000001106 if there is no value. For example: 428673006."
          },
          {
            "name": "UNIT_OF_MEASURE_NAME",
            "title": "Unit of Measure name",
            "type": "string",
            "description": "The Dictionary of Medicines and Devices (dm+d) unit of measure name for unit of measure identifier, unit dose form unit, or 'no value' if unknown. For example: tablet."
          },
          {
            "name": "TOTAL_QUANITY_IN_VMP_UNIT",
            "title": "Total Quantity in the Virtual Medicinal Product (VMP) Unit",
            "type": "float",
            "description": "The total quantity of medicines issued in Dictionary of Medicines and Devices (dm+d) unit dose form unit that the Virtual Medicinal Product (VMP) is defined, rounded to 2 decimal places. For example: 20."
          }
        ]
      }
    },
    {
      "name": "SCMD_201902",
      "path": "https://storage.googleapis.com/datopian-nhs/scmd/SCMD_201902.csv",
      "bytes": 30612375,
      "title": "Secondary Care Medicines Data (SCMD) - Feb 2019",
      "gs_url": "gs://datopian-nhs/scmd/SCMD_201902.csv",
      "format": "csv",
      "mediatype": "text/csv",
      "bq_table_name": "SCMD_201902",
      "bq_table_id": "bigquerytest-271707.nhs_production.SCMD_201902",
      "schema": {
        "fields": [
          {
            "name": "YEAR_MONTH",
            "title": "Year and Month as YYYY-MM",
            "type": "string",
            "description": "The year followed by the month of when the medicines were issued. For example: 2019-01"
          },
          {
            "name": "ODS_CODE",
            "title": "Organisation Data Service Code",
            "type": "string",
            "description": "The Trust's Organisation Data Service Code (ODS), for example R1A. Look up files are provided and maintained by NHS Digital, for example see: Trusts under https://digital.nhs.uk/services/organisation-data-service/data-downloads/other-nhs-organisations."
          },
          {
            "name": "VMP_SNOMED_CODE",
            "title": "Virtual Medicinal Product (VMP) SNOMED Code",
            "type": "integer",
            "description": "The Dictionary of Medicines and Devices (dm+d) Virtual Medicinal Product's (VMP) SNOMED code. For example: 322236009"
          },
          {
            "name": "VMP_PRODUCT_NAME",
            "title": "Virtual Medicinal Product (VMP) Product Name",
            "type": "string",
            "description": "The Dictionary of Medicines and Devices (dm+d) Virtual Medicinal Product's Name. For example: Paracetamol 500mg tablets."
          },
          {
            "name": "UNIT_OF_MEASURE_IDENTIFIER",
            "title": "Unit of Measure Identifier",
            "type": "integer",
            "description": "The unit of measure for the VMP quantity's SNOMED code, or the value 3314211000001106 if there is no value. For example: 428673006."
          },
          {
            "name": "UNIT_OF_MEASURE_NAME",
            "title": "Unit of Measure name",
            "type": "string",
            "description": "The Dictionary of Medicines and Devices (dm+d) unit of measure name for unit of measure identifier, unit dose form unit, or 'no value' if unknown. For example: tablet."
          },
          {
            "name": "TOTAL_QUANITY_IN_VMP_UNIT",
            "title": "Total Quantity in the Virtual Medicinal Product (VMP) Unit",
            "type": "float",
            "description": "The total quantity of medicines issued in Dictionary of Medicines and Devices (dm+d) unit dose form unit that the Virtual Medicinal Product (VMP) is defined, rounded to 2 decimal places. For example: 20."
          }
        ]
      }
    },
    {
      "name": "SCMD_201903",
      "path": "https://storage.googleapis.com/datopian-nhs/scmd/SCMD_201903.csv",
      "bytes": 31136911,
      "title": "Secondary Care Medicines Data (SCMD) - Mar 2019",
      "gs_url": "gs://datopian-nhs/scmd/SCMD_201903.csv",
      "format": "csv",
      "mediatype": "text/csv",
      "bq_table_name": "SCMD_201903",
      "bq_table_id": "bigquerytest-271707.nhs_production.SCMD_201903",
      "schema": {
        "fields": [
          {
            "name": "YEAR_MONTH",
            "title": "Year and Month as YYYY-MM",
            "type": "string",
            "description": "The year followed by the month of when the medicines were issued. For example: 2019-01"
          },
          {
            "name": "ODS_CODE",
            "title": "Organisation Data Service Code",
            "type": "string",
            "description": "The Trust's Organisation Data Service Code (ODS), for example R1A. Look up files are provided and maintained by NHS Digital, for example see: Trusts under https://digital.nhs.uk/services/organisation-data-service/data-downloads/other-nhs-organisations."
          },
          {
            "name": "VMP_SNOMED_CODE",
            "title": "Virtual Medicinal Product (VMP) SNOMED Code",
            "type": "integer",
            "description": "The Dictionary of Medicines and Devices (dm+d) Virtual Medicinal Product's (VMP) SNOMED code. For example: 322236009"
          },
          {
            "name": "VMP_PRODUCT_NAME",
            "title": "Virtual Medicinal Product (VMP) Product Name",
            "type": "string",
            "description": "The Dictionary of Medicines and Devices (dm+d) Virtual Medicinal Product's Name. For example: Paracetamol 500mg tablets."
          },
          {
            "name": "UNIT_OF_MEASURE_IDENTIFIER",
            "title": "Unit of Measure Identifier",
            "type": "integer",
            "description": "The unit of measure for the VMP quantity's SNOMED code, or the value 3314211000001106 if there is no value. For example: 428673006."
          },
          {
            "name": "UNIT_OF_MEASURE_NAME",
            "title": "Unit of Measure name",
            "type": "string",
            "description": "The Dictionary of Medicines and Devices (dm+d) unit of measure name for unit of measure identifier, unit dose form unit, or 'no value' if unknown. For example: tablet."
          },
          {
            "name": "TOTAL_QUANITY_IN_VMP_UNIT",
            "title": "Total Quantity in the Virtual Medicinal Product (VMP) Unit",
            "type": "float",
            "description": "The total quantity of medicines issued in Dictionary of Medicines and Devices (dm+d) unit dose form unit that the Virtual Medicinal Product (VMP) is defined, rounded to 2 decimal places. For example: 20."
          }
        ]
      }
    },
    {
      "name": "SCMD_201904",
      "path": "https://storage.googleapis.com/datopian-nhs/scmd/SCMD_201904.csv",
      "bytes": 30605853,
      "title": "Secondary Care Medicines Data (SCMD) - Apr 2019",
      "gs_url": "gs://datopian-nhs/scmd/SCMD_201904.csv",
      "format": "csv",
      "mediatype": "text/csv",
      "bq_table_name": "SCMD_201904",
      "bq_table_id": "bigquerytest-271707.nhs_production.SCMD_201904",
      "schema": {
        "fields": [
          {
            "name": "YEAR_MONTH",
            "title": "Year and Month as YYYY-MM",
            "type": "string",
            "description": "The year followed by the month of when the medicines were issued. For example: 2019-01"
          },
          {
            "name": "ODS_CODE",
            "title": "Organisation Data Service Code",
            "type": "string",
            "description": "The Trust's Organisation Data Service Code (ODS), for example R1A. Look up files are provided and maintained by NHS Digital, for example see: Trusts under https://digital.nhs.uk/services/organisation-data-service/data-downloads/other-nhs-organisations."
          },
          {
            "name": "VMP_SNOMED_CODE",
            "title": "Virtual Medicinal Product (VMP) SNOMED Code",
            "type": "integer",
            "description": "The Dictionary of Medicines and Devices (dm+d) Virtual Medicinal Product's (VMP) SNOMED code. For example: 322236009"
          },
          {
            "name": "VMP_PRODUCT_NAME",
            "title": "Virtual Medicinal Product (VMP) Product Name",
            "type": "string",
            "description": "The Dictionary of Medicines and Devices (dm+d) Virtual Medicinal Product's Name. For example: Paracetamol 500mg tablets."
          },
          {
            "name": "UNIT_OF_MEASURE_IDENTIFIER",
            "title": "Unit of Measure Identifier",
            "type": "integer",
            "description": "The unit of measure for the VMP quantity's SNOMED code, or the value 3314211000001106 if there is no value. For example: 428673006."
          },
          {
            "name": "UNIT_OF_MEASURE_NAME",
            "title": "Unit of Measure name",
            "type": "string",
            "description": "The Dictionary of Medicines and Devices (dm+d) unit of measure name for unit of measure identifier, unit dose form unit, or 'no value' if unknown. For example: tablet."
          },
          {
            "name": "TOTAL_QUANITY_IN_VMP_UNIT",
            "title": "Total Quantity in the Virtual Medicinal Product (VMP) Unit",
            "type": "float",
            "description": "The total quantity of medicines issued in Dictionary of Medicines and Devices (dm+d) unit dose form unit that the Virtual Medicinal Product (VMP) is defined, rounded to 2 decimal places. For example: 20."
          }
        ]
      }
    },
    {
      "name": "SCMD_201905",
      "path": "https://storage.googleapis.com/datopian-nhs/scmd/SCMD_201905.csv",
      "bytes": 30970048,
      "title": "Secondary Care Medicines Data (SCMD) - May 2019",
      "gs_url": "gs://datopian-nhs/scmd/SCMD_201905.csv",
      "format": "csv",
      "mediatype": "text/csv",
      "bq_table_name": "SCMD_201905",
      "bq_table_id": "bigquerytest-271707.nhs_production.SCMD_201905",
      "schema": {
        "fields": [
          {
            "name": "YEAR_MONTH",
            "title": "Year and Month as YYYY-MM",
            "type": "string",
            "description": "The year followed by the month of when the medicines were issued. For example: 2019-01"
          },
          {
            "name": "ODS_CODE",
            "title": "Organisation Data Service Code",
            "type": "string",
            "description": "The Trust's Organisation Data Service Code (ODS), for example R1A. Look up files are provided and maintained by NHS Digital, for example see: Trusts under https://digital.nhs.uk/services/organisation-data-service/data-downloads/other-nhs-organisations."
          },
          {
            "name": "VMP_SNOMED_CODE",
            "title": "Virtual Medicinal Product (VMP) SNOMED Code",
            "type": "integer",
            "description": "The Dictionary of Medicines and Devices (dm+d) Virtual Medicinal Product's (VMP) SNOMED code. For example: 322236009"
          },
          {
            "name": "VMP_PRODUCT_NAME",
            "title": "Virtual Medicinal Product (VMP) Product Name",
            "type": "string",
            "description": "The Dictionary of Medicines and Devices (dm+d) Virtual Medicinal Product's Name. For example: Paracetamol 500mg tablets."
          },
          {
            "name": "UNIT_OF_MEASURE_IDENTIFIER",
            "title": "Unit of Measure Identifier",
            "type": "integer",
            "description": "The unit of measure for the VMP quantity's SNOMED code, or the value 3314211000001106 if there is no value. For example: 428673006."
          },
          {
            "name": "UNIT_OF_MEASURE_NAME",
            "title": "Unit of Measure name",
            "type": "string",
            "description": "The Dictionary of Medicines and Devices (dm+d) unit of measure name for unit of measure identifier, unit dose form unit, or 'no value' if unknown. For example: tablet."
          },
          {
            "name": "TOTAL_QUANITY_IN_VMP_UNIT",
            "title": "Total Quantity in the Virtual Medicinal Product (VMP) Unit",
            "type": "float",
            "description": "The total quantity of medicines issued in Dictionary of Medicines and Devices (dm+d) unit dose form unit that the Virtual Medicinal Product (VMP) is defined, rounded to 2 decimal places. For example: 20."
          }
        ]
      }
    },
    {
      "name": "SCMD_201906",
      "path": "https://storage.googleapis.com/datopian-nhs/scmd/SCMD_201906.csv",
      "bytes": 30464578,
      "title": "Secondary Care Medicines Data (SCMD) - Jun 2019",
      "gs_url": "gs://datopian-nhs/scmd/SCMD_201906.csv",
      "format": "csv",
      "mediatype": "text/csv",
      "bq_table_name": "SCMD_201906",
      "bq_table_id": "bigquerytest-271707.nhs_production.SCMD_201906",
      "schema": {
        "fields": [
          {
            "name": "YEAR_MONTH",
            "title": "Year and Month as YYYY-MM",
            "type": "string",
            "description": "The year followed by the month of when the medicines were issued. For example: 2019-01"
          },
          {
            "name": "ODS_CODE",
            "title": "Organisation Data Service Code",
            "type": "string",
            "description": "The Trust's Organisation Data Service Code (ODS), for example R1A. Look up files are provided and maintained by NHS Digital, for example see: Trusts under https://digital.nhs.uk/services/organisation-data-service/data-downloads/other-nhs-organisations."
          },
          {
            "name": "VMP_SNOMED_CODE",
            "title": "Virtual Medicinal Product (VMP) SNOMED Code",
            "type": "integer",
            "description": "The Dictionary of Medicines and Devices (dm+d) Virtual Medicinal Product's (VMP) SNOMED code. For example: 322236009"
          },
          {
            "name": "VMP_PRODUCT_NAME",
            "title": "Virtual Medicinal Product (VMP) Product Name",
            "type": "string",
            "description": "The Dictionary of Medicines and Devices (dm+d) Virtual Medicinal Product's Name. For example: Paracetamol 500mg tablets."
          },
          {
            "name": "UNIT_OF_MEASURE_IDENTIFIER",
            "title": "Unit of Measure Identifier",
            "type": "integer",
            "description": "The unit of measure for the VMP quantity's SNOMED code, or the value 3314211000001106 if there is no value. For example: 428673006."
          },
          {
            "name": "UNIT_OF_MEASURE_NAME",
            "title": "Unit of Measure name",
            "type": "string",
            "description": "The Dictionary of Medicines and Devices (dm+d) unit of measure name for unit of measure identifier, unit dose form unit, or 'no value' if unknown. For example: tablet."
          },
          {
            "name": "TOTAL_QUANITY_IN_VMP_UNIT",
            "title": "Total Quantity in the Virtual Medicinal Product (VMP) Unit",
            "type": "float",
            "description": "The total quantity of medicines issued in Dictionary of Medicines and Devices (dm+d) unit dose form unit that the Virtual Medicinal Product (VMP) is defined, rounded to 2 decimal places. For example: 20."
          }
        ]
      }
    },
    {
      "name": "SCMD_201907",
      "path": "https://storage.googleapis.com/datopian-nhs/scmd/SCMD_201907.csv",
      "bytes": 31094066,
      "title": "Secondary Care Medicines Data (SCMD) - Jul 2019",
      "gs_url": "gs://datopian-nhs/scmd/SCMD_201907.csv",
      "format": "csv",
      "mediatype": "text/csv",
      "bq_table_name": "SCMD_201907",
      "bq_table_id": "bigquerytest-271707.nhs_production.SCMD_201907",
      "schema": {
        "fields": [
          {
            "name": "YEAR_MONTH",
            "title": "Year and Month as YYYY-MM",
            "type": "string",
            "description": "The year followed by the month of when the medicines were issued. For example: 2019-01"
          },
          {
            "name": "ODS_CODE",
            "title": "Organisation Data Service Code",
            "type": "string",
            "description": "The Trust's Organisation Data Service Code (ODS), for example R1A. Look up files are provided and maintained by NHS Digital, for example see: Trusts under https://digital.nhs.uk/services/organisation-data-service/data-downloads/other-nhs-organisations."
          },
          {
            "name": "VMP_SNOMED_CODE",
            "title": "Virtual Medicinal Product (VMP) SNOMED Code",
            "type": "integer",
            "description": "The Dictionary of Medicines and Devices (dm+d) Virtual Medicinal Product's (VMP) SNOMED code. For example: 322236009"
          },
          {
            "name": "VMP_PRODUCT_NAME",
            "title": "Virtual Medicinal Product (VMP) Product Name",
            "type": "string",
            "description": "The Dictionary of Medicines and Devices (dm+d) Virtual Medicinal Product's Name. For example: Paracetamol 500mg tablets."
          },
          {
            "name": "UNIT_OF_MEASURE_IDENTIFIER",
            "title": "Unit of Measure Identifier",
            "type": "integer",
            "description": "The unit of measure for the VMP quantity's SNOMED code, or the value 3314211000001106 if there is no value. For example: 428673006."
          },
          {
            "name": "UNIT_OF_MEASURE_NAME",
            "title": "Unit of Measure name",
            "type": "string",
            "description": "The Dictionary of Medicines and Devices (dm+d) unit of measure name for unit of measure identifier, unit dose form unit, or 'no value' if unknown. For example: tablet."
          },
          {
            "name": "TOTAL_QUANITY_IN_VMP_UNIT",
            "title": "Total Quantity in the Virtual Medicinal Product (VMP) Unit",
            "type": "float",
            "description": "The total quantity of medicines issued in Dictionary of Medicines and Devices (dm+d) unit dose form unit that the Virtual Medicinal Product (VMP) is defined, rounded to 2 decimal places. For example: 20."
          }
        ]
      }
    },
    {
      "name": "SCMD_201908",
      "path": "https://storage.googleapis.com/datopian-nhs/scmd/SCMD_201908.csv",
      "bytes": 30438294,
      "title": "Secondary Care Medicines Data (SCMD) - Aug 2019",
      "gs_url": "gs://datopian-nhs/scmd/SCMD_201908.csv",
      "format": "csv",
      "mediatype": "text/csv",
      "bq_table_name": "SCMD_201908",
      "bq_table_id": "bigquerytest-271707.nhs_production.SCMD_201908",
      "schema": {
        "fields": [
          {
            "name": "YEAR_MONTH",
            "title": "Year and Month as YYYY-MM",
            "type": "string",
            "description": "The year followed by the month of when the medicines were issued. For example: 2019-01"
          },
          {
            "name": "ODS_CODE",
            "title": "Organisation Data Service Code",
            "type": "string",
            "description": "The Trust's Organisation Data Service Code (ODS), for example R1A. Look up files are provided and maintained by NHS Digital, for example see: Trusts under https://digital.nhs.uk/services/organisation-data-service/data-downloads/other-nhs-organisations."
          },
          {
            "name": "VMP_SNOMED_CODE",
            "title": "Virtual Medicinal Product (VMP) SNOMED Code",
            "type": "integer",
            "description": "The Dictionary of Medicines and Devices (dm+d) Virtual Medicinal Product's (VMP) SNOMED code. For example: 322236009"
          },
          {
            "name": "VMP_PRODUCT_NAME",
            "title": "Virtual Medicinal Product (VMP) Product Name",
            "type": "string",
            "description": "The Dictionary of Medicines and Devices (dm+d) Virtual Medicinal Product's Name. For example: Paracetamol 500mg tablets."
          },
          {
            "name": "UNIT_OF_MEASURE_IDENTIFIER",
            "title": "Unit of Measure Identifier",
            "type": "integer",
            "description": "The unit of measure for the VMP quantity's SNOMED code, or the value 3314211000001106 if there is no value. For example: 428673006."
          },
          {
            "name": "UNIT_OF_MEASURE_NAME",
            "title": "Unit of Measure name",
            "type": "string",
            "description": "The Dictionary of Medicines and Devices (dm+d) unit of measure name for unit of measure identifier, unit dose form unit, or 'no value' if unknown. For example: tablet."
          },
          {
            "name": "TOTAL_QUANITY_IN_VMP_UNIT",
            "title": "Total Quantity in the Virtual Medicinal Product (VMP) Unit",
            "type": "float",
            "description": "The total quantity of medicines issued in Dictionary of Medicines and Devices (dm+d) unit dose form unit that the Virtual Medicinal Product (VMP) is defined, rounded to 2 decimal places. For example: 20."
          }
        ]
      }
    },
    {
      "name": "SCMD_201909",
      "path": "https://storage.googleapis.com/datopian-nhs/scmd/SCMD_201909.csv",
      "bytes": 30381647,
      "title": "Secondary Care Medicines Data (SCMD) - Sep 2019",
      "gs_url": "gs://datopian-nhs/scmd/SCMD_201909.csv",
      "format": "csv",
      "mediatype": "text/csv",
      "bq_table_name": "SCMD_201909",
      "bq_table_id": "bigquerytest-271707.nhs_production.SCMD_201909",
      "schema": {
        "fields": [
          {
            "name": "YEAR_MONTH",
            "title": "Year and Month as YYYY-MM",
            "type": "string",
            "description": "The year followed by the month of when the medicines were issued. For example: 2019-01"
          },
          {
            "name": "ODS_CODE",
            "title": "Organisation Data Service Code",
            "type": "string",
            "description": "The Trust's Organisation Data Service Code (ODS), for example R1A. Look up files are provided and maintained by NHS Digital, for example see: Trusts under https://digital.nhs.uk/services/organisation-data-service/data-downloads/other-nhs-organisations."
          },
          {
            "name": "VMP_SNOMED_CODE",
            "title": "Virtual Medicinal Product (VMP) SNOMED Code",
            "type": "integer",
            "description": "The Dictionary of Medicines and Devices (dm+d) Virtual Medicinal Product's (VMP) SNOMED code. For example: 322236009"
          },
          {
            "name": "VMP_PRODUCT_NAME",
            "title": "Virtual Medicinal Product (VMP) Product Name",
            "type": "string",
            "description": "The Dictionary of Medicines and Devices (dm+d) Virtual Medicinal Product's Name. For example: Paracetamol 500mg tablets."
          },
          {
            "name": "UNIT_OF_MEASURE_IDENTIFIER",
            "title": "Unit of Measure Identifier",
            "type": "integer",
            "description": "The unit of measure for the VMP quantity's SNOMED code, or the value 3314211000001106 if there is no value. For example: 428673006."
          },
          {
            "name": "UNIT_OF_MEASURE_NAME",
            "title": "Unit of Measure name",
            "type": "string",
            "description": "The Dictionary of Medicines and Devices (dm+d) unit of measure name for unit of measure identifier, unit dose form unit, or 'no value' if unknown. For example: tablet."
          },
          {
            "name": "TOTAL_QUANITY_IN_VMP_UNIT",
            "title": "Total Quantity in the Virtual Medicinal Product (VMP) Unit",
            "type": "float",
            "description": "The total quantity of medicines issued in Dictionary of Medicines and Devices (dm+d) unit dose form unit that the Virtual Medicinal Product (VMP) is defined, rounded to 2 decimal places. For example: 20."
          }
        ]
      }
    },
    {
      "name": "SCMD_201910",
      "path": "https://storage.googleapis.com/datopian-nhs/scmd/SCMD_201910.csv",
      "bytes": 31145113,
      "title": "Secondary Care Medicines Data (SCMD) - Oct 2019",
      "gs_url": "gs://datopian-nhs/scmd/SCMD_201910.csv",
      "format": "csv",
      "mediatype": "text/csv",
      "bq_table_name": "SCMD_201910",
      "bq_table_id": "bigquerytest-271707.nhs_production.SCMD_201910",
      "schema": {
        "fields": [
          {
            "name": "YEAR_MONTH",
            "title": "Year and Month as YYYY-MM",
            "type": "string",
            "description": "The year followed by the month of when the medicines were issued. For example: 2019-01"
          },
          {
            "name": "ODS_CODE",
            "title": "Organisation Data Service Code",
            "type": "string",
            "description": "The Trust's Organisation Data Service Code (ODS), for example R1A. Look up files are provided and maintained by NHS Digital, for example see: Trusts under https://digital.nhs.uk/services/organisation-data-service/data-downloads/other-nhs-organisations."
          },
          {
            "name": "VMP_SNOMED_CODE",
            "title": "Virtual Medicinal Product (VMP) SNOMED Code",
            "type": "integer",
            "description": "The Dictionary of Medicines and Devices (dm+d) Virtual Medicinal Product's (VMP) SNOMED code. For example: 322236009"
          },
          {
            "name": "VMP_PRODUCT_NAME",
            "title": "Virtual Medicinal Product (VMP) Product Name",
            "type": "string",
            "description": "The Dictionary of Medicines and Devices (dm+d) Virtual Medicinal Product's Name. For example: Paracetamol 500mg tablets."
          },
          {
            "name": "UNIT_OF_MEASURE_IDENTIFIER",
            "title": "Unit of Measure Identifier",
            "type": "integer",
            "description": "The unit of measure for the VMP quantity's SNOMED code, or the value 3314211000001106 if there is no value. For example: 428673006."
          },
          {
            "name": "UNIT_OF_MEASURE_NAME",
            "title": "Unit of Measure name",
            "type": "string",
            "description": "The Dictionary of Medicines and Devices (dm+d) unit of measure name for unit of measure identifier, unit dose form unit, or 'no value' if unknown. For example: tablet."
          },
          {
            "name": "TOTAL_QUANITY_IN_VMP_UNIT",
            "title": "Total Quantity in the Virtual Medicinal Product (VMP) Unit",
            "type": "float",
            "description": "The total quantity of medicines issued in Dictionary of Medicines and Devices (dm+d) unit dose form unit that the Virtual Medicinal Product (VMP) is defined, rounded to 2 decimal places. For example: 20."
          }
        ]
      }
    },
    {
      "name": "SCMD_201911",
      "path": "https://storage.googleapis.com/datopian-nhs/scmd/SCMD_201911.csv",
      "bytes": 30549701,
      "title": "Secondary Care Medicines Data (SCMD) - Nov 2019",
      "gs_url": "gs://datopian-nhs/scmd/SCMD_201911.csv",
      "format": "csv",
      "mediatype": "text/csv",
      "bq_table_name": "SCMD_201911",
      "bq_table_id": "bigquerytest-271707.nhs_production.SCMD_201911",
      "schema": {
        "fields": [
          {
            "name": "YEAR_MONTH",
            "title": "Year and Month as YYYY-MM",
            "type": "string",
            "description": "The year followed by the month of when the medicines were issued. For example: 2019-01"
          },
          {
            "name": "ODS_CODE",
            "title": "Organisation Data Service Code",
            "type": "string",
            "description": "The Trust's Organisation Data Service Code (ODS), for example R1A. Look up files are provided and maintained by NHS Digital, for example see: Trusts under https://digital.nhs.uk/services/organisation-data-service/data-downloads/other-nhs-organisations."
          },
          {
            "name": "VMP_SNOMED_CODE",
            "title": "Virtual Medicinal Product (VMP) SNOMED Code",
            "type": "integer",
            "description": "The Dictionary of Medicines and Devices (dm+d) Virtual Medicinal Product's (VMP) SNOMED code. For example: 322236009"
          },
          {
            "name": "VMP_PRODUCT_NAME",
            "title": "Virtual Medicinal Product (VMP) Product Name",
            "type": "string",
            "description": "The Dictionary of Medicines and Devices (dm+d) Virtual Medicinal Product's Name. For example: Paracetamol 500mg tablets."
          },
          {
            "name": "UNIT_OF_MEASURE_IDENTIFIER",
            "title": "Unit of Measure Identifier",
            "type": "integer",
            "description": "The unit of measure for the VMP quantity's SNOMED code, or the value 3314211000001106 if there is no value. For example: 428673006."
          },
          {
            "name": "UNIT_OF_MEASURE_NAME",
            "title": "Unit of Measure name",
            "type": "string",
            "description": "The Dictionary of Medicines and Devices (dm+d) unit of measure name for unit of measure identifier, unit dose form unit, or 'no value' if unknown. For example: tablet."
          },
          {
            "name": "TOTAL_QUANITY_IN_VMP_UNIT",
            "title": "Total Quantity in the Virtual Medicinal Product (VMP) Unit",
            "type": "float",
            "description": "The total quantity of medicines issued in Dictionary of Medicines and Devices (dm+d) unit dose form unit that the Virtual Medicinal Product (VMP) is defined, rounded to 2 decimal places. For example: 20."
          }
        ]
      }
    },
    {
      "name": "SCMD_201912",
      "path": "https://storage.googleapis.com/datopian-nhs/scmd/SCMD_201912.csv",
      "bytes": 30473489,
      "title": "Secondary Care Medicines Data (SCMD) - Dec 2019",
      "gs_url": "gs://datopian-nhs/scmd/SCMD_201912.csv",
      "format": "csv",
      "mediatype": "text/csv",
      "bq_table_name": "SCMD_201912",
      "bq_table_id": "bigquerytest-271707.nhs_production.SCMD_201912",
      "schema": {
        "fields": [
          {
            "name": "YEAR_MONTH",
            "title": "Year and Month as YYYY-MM",
            "type": "string",
            "description": "The year followed by the month of when the medicines were issued. For example: 2019-01"
          },
          {
            "name": "ODS_CODE",
            "title": "Organisation Data Service Code",
            "type": "string",
            "description": "The Trust's Organisation Data Service Code (ODS), for example R1A. Look up files are provided and maintained by NHS Digital, for example see: Trusts under https://digital.nhs.uk/services/organisation-data-service/data-downloads/other-nhs-organisations."
          },
          {
            "name": "VMP_SNOMED_CODE",
            "title": "Virtual Medicinal Product (VMP) SNOMED Code",
            "type": "integer",
            "description": "The Dictionary of Medicines and Devices (dm+d) Virtual Medicinal Product's (VMP) SNOMED code. For example: 322236009"
          },
          {
            "name": "VMP_PRODUCT_NAME",
            "title": "Virtual Medicinal Product (VMP) Product Name",
            "type": "string",
            "description": "The Dictionary of Medicines and Devices (dm+d) Virtual Medicinal Product's Name. For example: Paracetamol 500mg tablets."
          },
          {
            "name": "UNIT_OF_MEASURE_IDENTIFIER",
            "title": "Unit of Measure Identifier",
            "type": "integer",
            "description": "The unit of measure for the VMP quantity's SNOMED code, or the value 3314211000001106 if there is no value. For example: 428673006."
          },
          {
            "name": "UNIT_OF_MEASURE_NAME",
            "title": "Unit of Measure name",
            "type": "string",
            "description": "The Dictionary of Medicines and Devices (dm+d) unit of measure name for unit of measure identifier, unit dose form unit, or 'no value' if unknown. For example: tablet."
          },
          {
            "name": "TOTAL_QUANITY_IN_VMP_UNIT",
            "title": "Total Quantity in the Virtual Medicinal Product (VMP) Unit",
            "type": "float",
            "description": "The total quantity of medicines issued in Dictionary of Medicines and Devices (dm+d) unit dose form unit that the Virtual Medicinal Product (VMP) is defined, rounded to 2 decimal places. For example: 20."
          }
        ]
      }
    },
    {
      "name": "SCMD_202001",
      "path": "https://storage.googleapis.com/datopian-nhs/scmd/SCMD_202001.csv",
      "bytes": 30869181,
      "title": "Secondary Care Medicines Data (SCMD) - Jan 2020",
      "gs_url": "gs://datopian-nhs/scmd/SCMD_202001.csv",
      "format": "csv",
      "mediatype": "text/csv",
      "bq_table_name": "SCMD_202001",
      "bq_table_id": "bigquerytest-271707.nhs_production.SCMD_202001",
      "schema": {
        "fields": [
          {
            "name": "YEAR_MONTH",
            "title": "Year and Month as YYYY-MM",
            "type": "string",
            "description": "The year followed by the month of when the medicines were issued. For example: 2019-01"
          },
          {
            "name": "ODS_CODE",
            "title": "Organisation Data Service Code",
            "type": "string",
            "description": "The Trust's Organisation Data Service Code (ODS), for example R1A. Look up files are provided and maintained by NHS Digital, for example see: Trusts under https://digital.nhs.uk/services/organisation-data-service/data-downloads/other-nhs-organisations."
          },
          {
            "name": "VMP_SNOMED_CODE",
            "title": "Virtual Medicinal Product (VMP) SNOMED Code",
            "type": "integer",
            "description": "The Dictionary of Medicines and Devices (dm+d) Virtual Medicinal Product's (VMP) SNOMED code. For example: 322236009"
          },
          {
            "name": "VMP_PRODUCT_NAME",
            "title": "Virtual Medicinal Product (VMP) Product Name",
            "type": "string",
            "description": "The Dictionary of Medicines and Devices (dm+d) Virtual Medicinal Product's Name. For example: Paracetamol 500mg tablets."
          },
          {
            "name": "UNIT_OF_MEASURE_IDENTIFIER",
            "title": "Unit of Measure Identifier",
            "type": "integer",
            "description": "The unit of measure for the VMP quantity's SNOMED code, or the value 3314211000001106 if there is no value. For example: 428673006."
          },
          {
            "name": "UNIT_OF_MEASURE_NAME",
            "title": "Unit of Measure name",
            "type": "string",
            "description": "The Dictionary of Medicines and Devices (dm+d) unit of measure name for unit of measure identifier, unit dose form unit, or 'no value' if unknown. For example: tablet."
          },
          {
            "name": "TOTAL_QUANITY_IN_VMP_UNIT",
            "title": "Total Quantity in the Virtual Medicinal Product (VMP) Unit",
            "type": "float",
            "description": "The total quantity of medicines issued in Dictionary of Medicines and Devices (dm+d) unit dose form unit that the Virtual Medicinal Product (VMP) is defined, rounded to 2 decimal places. For example: 20."
          }
        ]
      }
    },
    {
      "name": "SCMD_202002",
      "path": "https://storage.googleapis.com/datopian-nhs/scmd/SCMD_202002.csv",
      "bytes": 30181150,
      "title": "Secondary Care Medicines Data (SCMD) - Feb 2020",
      "gs_url": "gs://datopian-nhs/scmd/SCMD_202002.csv",
      "format": "csv",
      "mediatype": "text/csv",
      "bq_table_name": "SCMD_202002",
      "bq_table_id": "bigquerytest-271707.nhs_production.SCMD_202002",
      "schema": {
        "fields": [
          {
            "name": "YEAR_MONTH",
            "title": "Year and Month as YYYY-MM",
            "type": "string",
            "description": "The year followed by the month of when the medicines were issued. For example: 2019-01"
          },
          {
            "name": "ODS_CODE",
            "title": "Organisation Data Service Code",
            "type": "string",
            "description": "The Trust's Organisation Data Service Code (ODS), for example R1A. Look up files are provided and maintained by NHS Digital, for example see: Trusts under https://digital.nhs.uk/services/organisation-data-service/data-downloads/other-nhs-organisations."
          },
          {
            "name": "VMP_SNOMED_CODE",
            "title": "Virtual Medicinal Product (VMP) SNOMED Code",
            "type": "integer",
            "description": "The Dictionary of Medicines and Devices (dm+d) Virtual Medicinal Product's (VMP) SNOMED code. For example: 322236009"
          },
          {
            "name": "VMP_PRODUCT_NAME",
            "title": "Virtual Medicinal Product (VMP) Product Name",
            "type": "string",
            "description": "The Dictionary of Medicines and Devices (dm+d) Virtual Medicinal Product's Name. For example: Paracetamol 500mg tablets."
          },
          {
            "name": "UNIT_OF_MEASURE_IDENTIFIER",
            "title": "Unit of Measure Identifier",
            "type": "integer",
            "description": "The unit of measure for the VMP quantity's SNOMED code, or the value 3314211000001106 if there is no value. For example: 428673006."
          },
          {
            "name": "UNIT_OF_MEASURE_NAME",
            "title": "Unit of Measure name",
            "type": "string",
            "description": "The Dictionary of Medicines and Devices (dm+d) unit of measure name for unit of measure identifier, unit dose form unit, or 'no value' if unknown. For example: tablet."
          },
          {
            "name": "TOTAL_QUANITY_IN_VMP_UNIT",
            "title": "Total Quantity in the Virtual Medicinal Product (VMP) Unit",
            "type": "float",
            "description": "The total quantity of medicines issued in Dictionary of Medicines and Devices (dm+d) unit dose form unit that the Virtual Medicinal Product (VMP) is defined, rounded to 2 decimal places. For example: 20."
          }
        ]
      }
    },
    {
      "name": "SCMD_202003",
      "path": "https://storage.googleapis.com/datopian-nhs/scmd/SCMD_202003.csv",
      "bytes": 30376595,
      "title": "Secondary Care Medicines Data (SCMD) - Mar 2020",
      "gs_url": "gs://datopian-nhs/scmd/SCMD_202003.csv",
      "format": "csv",
      "mediatype": "text/csv",
      "bq_table_name": "SCMD_202003",
      "bq_table_id": "bigquerytest-271707.nhs_production.SCMD_202003",
      "schema": {
        "fields": [
          {
            "name": "YEAR_MONTH",
            "title": "Year and Month as YYYY-MM",
            "type": "string",
            "description": "The year followed by the month of when the medicines were issued. For example: 2019-01"
          },
          {
            "name": "ODS_CODE",
            "title": "Organisation Data Service Code",
            "type": "string",
            "description": "The Trust's Organisation Data Service Code (ODS), for example R1A. Look up files are provided and maintained by NHS Digital, for example see: Trusts under https://digital.nhs.uk/services/organisation-data-service/data-downloads/other-nhs-organisations."
          },
          {
            "name": "VMP_SNOMED_CODE",
            "title": "Virtual Medicinal Product (VMP) SNOMED Code",
            "type": "integer",
            "description": "The Dictionary of Medicines and Devices (dm+d) Virtual Medicinal Product's (VMP) SNOMED code. For example: 322236009"
          },
          {
            "name": "VMP_PRODUCT_NAME",
            "title": "Virtual Medicinal Product (VMP) Product Name",
            "type": "string",
            "description": "The Dictionary of Medicines and Devices (dm+d) Virtual Medicinal Product's Name. For example: Paracetamol 500mg tablets."
          },
          {
            "name": "UNIT_OF_MEASURE_IDENTIFIER",
            "title": "Unit of Measure Identifier",
            "type": "integer",
            "description": "The unit of measure for the VMP quantity's SNOMED code, or the value 3314211000001106 if there is no value. For example: 428673006."
          },
          {
            "name": "UNIT_OF_MEASURE_NAME",
            "title": "Unit of Measure name",
            "type": "string",
            "description": "The Dictionary of Medicines and Devices (dm+d) unit of measure name for unit of measure identifier, unit dose form unit, or 'no value' if unknown. For example: tablet."
          },
          {
            "name": "TOTAL_QUANITY_IN_VMP_UNIT",
            "title": "Total Quantity in the Virtual Medicinal Product (VMP) Unit",
            "type": "float",
            "description": "The total quantity of medicines issued in Dictionary of Medicines and Devices (dm+d) unit dose form unit that the Virtual Medicinal Product (VMP) is defined, rounded to 2 decimal places. For example: 20."
          }
        ]
      }
    },
    {
      "name": "SCMD_202004",
      "path": "https://storage.googleapis.com/datopian-nhs/scmd/SCMD_202004.csv",
      "bytes": 27694876,
      "title": "Secondary Care Medicines Data (SCMD) - Apr 2020",
      "gs_url": "gs://datopian-nhs/scmd/SCMD_202004.csv",
      "format": "csv",
      "mediatype": "text/csv",
      "bq_table_name": "SCMD_202004",
      "bq_table_id": "bigquerytest-271707.nhs_production.SCMD_202004",
      "schema": {
        "fields": [
          {
            "name": "YEAR_MONTH",
            "title": "Year and Month as YYYY-MM",
            "type": "string",
            "description": "The year followed by the month of when the medicines were issued. For example: 2019-01"
          },
          {
            "name": "ODS_CODE",
            "title": "Organisation Data Service Code",
            "type": "string",
            "description": "The Trust's Organisation Data Service Code (ODS), for example R1A. Look up files are provided and maintained by NHS Digital, for example see: Trusts under https://digital.nhs.uk/services/organisation-data-service/data-downloads/other-nhs-organisations."
          },
          {
            "name": "VMP_SNOMED_CODE",
            "title": "Virtual Medicinal Product (VMP) SNOMED Code",
            "type": "integer",
            "description": "The Dictionary of Medicines and Devices (dm+d) Virtual Medicinal Product's (VMP) SNOMED code. For example: 322236009"
          },
          {
            "name": "VMP_PRODUCT_NAME",
            "title": "Virtual Medicinal Product (VMP) Product Name",
            "type": "string",
            "description": "The Dictionary of Medicines and Devices (dm+d) Virtual Medicinal Product's Name. For example: Paracetamol 500mg tablets."
          },
          {
            "name": "UNIT_OF_MEASURE_IDENTIFIER",
            "title": "Unit of Measure Identifier",
            "type": "integer",
            "description": "The unit of measure for the VMP quantity's SNOMED code, or the value 3314211000001106 if there is no value. For example: 428673006."
          },
          {
            "name": "UNIT_OF_MEASURE_NAME",
            "title": "Unit of Measure name",
            "type": "string",
            "description": "The Dictionary of Medicines and Devices (dm+d) unit of measure name for unit of measure identifier, unit dose form unit, or 'no value' if unknown. For example: tablet."
          },
          {
            "name": "TOTAL_QUANITY_IN_VMP_UNIT",
            "title": "Total Quantity in the Virtual Medicinal Product (VMP) Unit",
            "type": "float",
            "description": "The total quantity of medicines issued in Dictionary of Medicines and Devices (dm+d) unit dose form unit that the Virtual Medicinal Product (VMP) is defined, rounded to 2 decimal places. For example: 20."
          }
        ]
      }
    },
    {
      "name": "SCMD_202005",
      "path": "https://storage.googleapis.com/datopian-nhs/scmd/SCMD_202005.csv",
      "bytes": 27714256,
      "title": "Secondary Care Medicines Data (SCMD) - May 2020",
      "gs_url": "gs://datopian-nhs/scmd/SCMD_202005.csv",
      "format": "csv",
      "mediatype": "text/csv",
      "bq_table_name": "SCMD_202005",
      "bq_table_id": "bigquerytest-271707.nhs_production.SCMD_202005",
      "schema": {
        "fields": [
          {
            "name": "YEAR_MONTH",
            "title": "Year and Month as YYYY-MM",
            "type": "string",
            "description": "The year followed by the month of when the medicines were issued. For example: 2019-01"
          },
          {
            "name": "ODS_CODE",
            "title": "Organisation Data Service Code",
            "type": "string",
            "description": "The Trust's Organisation Data Service Code (ODS), for example R1A. Look up files are provided and maintained by NHS Digital, for example see: Trusts under https://digital.nhs.uk/services/organisation-data-service/data-downloads/other-nhs-organisations."
          },
          {
            "name": "VMP_SNOMED_CODE",
            "title": "Virtual Medicinal Product (VMP) SNOMED Code",
            "type": "integer",
            "description": "The Dictionary of Medicines and Devices (dm+d) Virtual Medicinal Product's (VMP) SNOMED code. For example: 322236009"
          },
          {
            "name": "VMP_PRODUCT_NAME",
            "title": "Virtual Medicinal Product (VMP) Product Name",
            "type": "string",
            "description": "The Dictionary of Medicines and Devices (dm+d) Virtual Medicinal Product's Name. For example: Paracetamol 500mg tablets."
          },
          {
            "name": "UNIT_OF_MEASURE_IDENTIFIER",
            "title": "Unit of Measure Identifier",
            "type": "integer",
            "description": "The unit of measure for the VMP quantity's SNOMED code, or the value 3314211000001106 if there is no value. For example: 428673006."
          },
          {
            "name": "UNIT_OF_MEASURE_NAME",
            "title": "Unit of Measure name",
            "type": "string",
            "description": "The Dictionary of Medicines and Devices (dm+d) unit of measure name for unit of measure identifier, unit dose form unit, or 'no value' if unknown. For example: tablet."
          },
          {
            "name": "TOTAL_QUANITY_IN_VMP_UNIT",
            "title": "Total Quantity in the Virtual Medicinal Product (VMP) Unit",
            "type": "float",
            "description": "The total quantity of medicines issued in Dictionary of Medicines and Devices (dm+d) unit dose form unit that the Virtual Medicinal Product (VMP) is defined, rounded to 2 decimal places. For example: 20."
          }
        ]
      }
    },
    {
      "name": "SCMD_202006",
      "path": "https://storage.googleapis.com/datopian-nhs/scmd/SCMD_202006.csv",
      "bytes": 28543643,
      "title": "Secondary Care Medicines Data (SCMD) - Jun 2020",
      "gs_url": "gs://datopian-nhs/scmd/SCMD_202006.csv",
      "format": "csv",
      "mediatype": "text/csv",
      "bq_table_name": "SCMD_202006",
      "bq_table_id": "bigquerytest-271707.nhs_production.SCMD_202006",
      "schema": {
        "fields": [
          {
            "name": "YEAR_MONTH",
            "title": "Year and Month as YYYY-MM",
            "type": "string",
            "description": "The year followed by the month of when the medicines were issued. For example: 2019-01"
          },
          {
            "name": "ODS_CODE",
            "title": "Organisation Data Service Code",
            "type": "string",
            "description": "The Trust's Organisation Data Service Code (ODS), for example R1A. Look up files are provided and maintained by NHS Digital, for example see: Trusts under https://digital.nhs.uk/services/organisation-data-service/data-downloads/other-nhs-organisations."
          },
          {
            "name": "VMP_SNOMED_CODE",
            "title": "Virtual Medicinal Product (VMP) SNOMED Code",
            "type": "integer",
            "description": "The Dictionary of Medicines and Devices (dm+d) Virtual Medicinal Product's (VMP) SNOMED code. For example: 322236009"
          },
          {
            "name": "VMP_PRODUCT_NAME",
            "title": "Virtual Medicinal Product (VMP) Product Name",
            "type": "string",
            "description": "The Dictionary of Medicines and Devices (dm+d) Virtual Medicinal Product's Name. For example: Paracetamol 500mg tablets."
          },
          {
            "name": "UNIT_OF_MEASURE_IDENTIFIER",
            "title": "Unit of Measure Identifier",
            "type": "integer",
            "description": "The unit of measure for the VMP quantity's SNOMED code, or the value 3314211000001106 if there is no value. For example: 428673006."
          },
          {
            "name": "UNIT_OF_MEASURE_NAME",
            "title": "Unit of Measure name",
            "type": "string",
            "description": "The Dictionary of Medicines and Devices (dm+d) unit of measure name for unit of measure identifier, unit dose form unit, or 'no value' if unknown. For example: tablet."
          },
          {
            "name": "TOTAL_QUANITY_IN_VMP_UNIT",
            "title": "Total Quantity in the Virtual Medicinal Product (VMP) Unit",
            "type": "float",
            "description": "The total quantity of medicines issued in Dictionary of Medicines and Devices (dm+d) unit dose form unit that the Virtual Medicinal Product (VMP) is defined, rounded to 2 decimal places. For example: 20."
          }
        ]
      }
    },
    {
      "name": "SCMD_202007",
      "path": "https://storage.googleapis.com/datopian-nhs/scmd/SCMD_202007.csv",
      "bytes": 29255371,
      "title": "Secondary Care Medicines Data (SCMD) - Jul 2020",
      "gs_url": "gs://datopian-nhs/scmd/SCMD_202007.csv",
      "format": "csv",
      "mediatype": "text/csv",
      "bq_table_name": "SCMD_202007",
      "bq_table_id": "bigquerytest-271707.nhs_production.SCMD_202007",
      "schema": {
        "fields": [
          {
            "name": "YEAR_MONTH",
            "title": "Year and Month as YYYY-MM",
            "type": "string",
            "description": "The year followed by the month of when the medicines were issued. For example: 2019-01"
          },
          {
            "name": "ODS_CODE",
            "title": "Organisation Data Service Code",
            "type": "string",
            "description": "The Trust's Organisation Data Service Code (ODS), for example R1A. Look up files are provided and maintained by NHS Digital, for example see: Trusts under https://digital.nhs.uk/services/organisation-data-service/data-downloads/other-nhs-organisations."
          },
          {
            "name": "VMP_SNOMED_CODE",
            "title": "Virtual Medicinal Product (VMP) SNOMED Code",
            "type": "integer",
            "description": "The Dictionary of Medicines and Devices (dm+d) Virtual Medicinal Product's (VMP) SNOMED code. For example: 322236009"
          },
          {
            "name": "VMP_PRODUCT_NAME",
            "title": "Virtual Medicinal Product (VMP) Product Name",
            "type": "string",
            "description": "The Dictionary of Medicines and Devices (dm+d) Virtual Medicinal Product's Name. For example: Paracetamol 500mg tablets."
          },
          {
            "name": "UNIT_OF_MEASURE_IDENTIFIER",
            "title": "Unit of Measure Identifier",
            "type": "integer",
            "description": "The unit of measure for the VMP quantity's SNOMED code, or the value 3314211000001106 if there is no value. For example: 428673006."
          },
          {
            "name": "UNIT_OF_MEASURE_NAME",
            "title": "Unit of Measure name",
            "type": "string",
            "description": "The Dictionary of Medicines and Devices (dm+d) unit of measure name for unit of measure identifier, unit dose form unit, or 'no value' if unknown. For example: tablet."
          },
          {
            "name": "TOTAL_QUANITY_IN_VMP_UNIT",
            "title": "Total Quantity in the Virtual Medicinal Product (VMP) Unit",
            "type": "float",
            "description": "The total quantity of medicines issued in Dictionary of Medicines and Devices (dm+d) unit dose form unit that the Virtual Medicinal Product (VMP) is defined, rounded to 2 decimal places. For example: 20."
          }
        ]
      }
    },
    {
      "name": "SCMD_202008",
      "path": "https://storage.googleapis.com/datopian-nhs/scmd/SCMD_202008.csv",
      "bytes": 28904660,
      "title": "Secondary Care Medicines Data (SCMD) - Aug 2020",
      "gs_url": "gs://datopian-nhs/scmd/SCMD_202008.csv",
      "format": "csv",
      "mediatype": "text/csv",
      "bq_table_name": "SCMD_202008",
      "bq_table_id": "bigquerytest-271707.nhs_production.SCMD_202008",
      "schema": {
        "fields": [
          {
            "name": "YEAR_MONTH",
            "title": "Year and Month as YYYY-MM",
            "type": "string",
            "description": "The year followed by the month of when the medicines were issued. For example: 2019-01"
          },
          {
            "name": "ODS_CODE",
            "title": "Organisation Data Service Code",
            "type": "string",
            "description": "The Trust's Organisation Data Service Code (ODS), for example R1A. Look up files are provided and maintained by NHS Digital, for example see: Trusts under https://digital.nhs.uk/services/organisation-data-service/data-downloads/other-nhs-organisations."
          },
          {
            "name": "VMP_SNOMED_CODE",
            "title": "Virtual Medicinal Product (VMP) SNOMED Code",
            "type": "integer",
            "description": "The Dictionary of Medicines and Devices (dm+d) Virtual Medicinal Product's (VMP) SNOMED code. For example: 322236009"
          },
          {
            "name": "VMP_PRODUCT_NAME",
            "title": "Virtual Medicinal Product (VMP) Product Name",
            "type": "string",
            "description": "The Dictionary of Medicines and Devices (dm+d) Virtual Medicinal Product's Name. For example: Paracetamol 500mg tablets."
          },
          {
            "name": "UNIT_OF_MEASURE_IDENTIFIER",
            "title": "Unit of Measure Identifier",
            "type": "integer",
            "description": "The unit of measure for the VMP quantity's SNOMED code, or the value 3314211000001106 if there is no value. For example: 428673006."
          },
          {
            "name": "UNIT_OF_MEASURE_NAME",
            "title": "Unit of Measure name",
            "type": "string",
            "description": "The Dictionary of Medicines and Devices (dm+d) unit of measure name for unit of measure identifier, unit dose form unit, or 'no value' if unknown. For example: tablet."
          },
          {
            "name": "TOTAL_QUANITY_IN_VMP_UNIT",
            "title": "Total Quantity in the Virtual Medicinal Product (VMP) Unit",
            "type": "float",
            "description": "The total quantity of medicines issued in Dictionary of Medicines and Devices (dm+d) unit dose form unit that the Virtual Medicinal Product (VMP) is defined, rounded to 2 decimal places. For example: 20."
          }
        ]
      }
    },
    {
      "name": "SCMD_202009",
      "path": "https://storage.googleapis.com/datopian-nhs/scmd/SCMD_202009.csv",
      "bytes": 29855742,
      "title": "Secondary Care Medicines Data (SCMD) - Sep 2020",
      "gs_url": "gs://datopian-nhs/scmd/SCMD_202009.csv",
      "format": "csv",
      "mediatype": "text/csv",
      "bq_table_name": "SCMD_202009",
      "bq_table_id": "bigquerytest-271707.nhs_production.SCMD_202009",
      "schema": {
        "fields": [
          {
            "name": "YEAR_MONTH",
            "title": "Year and Month as YYYY-MM",
            "type": "string",
            "description": "The year followed by the month of when the medicines were issued. For example: 2019-01"
          },
          {
            "name": "ODS_CODE",
            "title": "Organisation Data Service Code",
            "type": "string",
            "description": "The Trust's Organisation Data Service Code (ODS), for example R1A. Look up files are provided and maintained by NHS Digital, for example see: Trusts under https://digital.nhs.uk/services/organisation-data-service/data-downloads/other-nhs-organisations."
          },
          {
            "name": "VMP_SNOMED_CODE",
            "title": "Virtual Medicinal Product (VMP) SNOMED Code",
            "type": "integer",
            "description": "The Dictionary of Medicines and Devices (dm+d) Virtual Medicinal Product's (VMP) SNOMED code. For example: 322236009"
          },
          {
            "name": "VMP_PRODUCT_NAME",
            "title": "Virtual Medicinal Product (VMP) Product Name",
            "type": "string",
            "description": "The Dictionary of Medicines and Devices (dm+d) Virtual Medicinal Product's Name. For example: Paracetamol 500mg tablets."
          },
          {
            "name": "UNIT_OF_MEASURE_IDENTIFIER",
            "title": "Unit of Measure Identifier",
            "type": "integer",
            "description": "The unit of measure for the VMP quantity's SNOMED code, or the value 3314211000001106 if there is no value. For example: 428673006."
          },
          {
            "name": "UNIT_OF_MEASURE_NAME",
            "title": "Unit of Measure name",
            "type": "string",
            "description": "The Dictionary of Medicines and Devices (dm+d) unit of measure name for unit of measure identifier, unit dose form unit, or 'no value' if unknown. For example: tablet."
          },
          {
            "name": "TOTAL_QUANITY_IN_VMP_UNIT",
            "title": "Total Quantity in the Virtual Medicinal Product (VMP) Unit",
            "type": "float",
            "description": "The total quantity of medicines issued in Dictionary of Medicines and Devices (dm+d) unit dose form unit that the Virtual Medicinal Product (VMP) is defined, rounded to 2 decimal places. For example: 20."
          }
        ]
      }
    }
  ]
}