{
    "fields": [
        {
            "name": "YEAR_MONTH",
            "title": "Year and Month as YYYY-MM",
            "type": "string",
            "description": "The year followed by the month of when the medicines were issued. For example: 2019-01"
        },
        {
            "name": "ODS_CODE",
            "title": "Organisation Data Service Code",
            "type": "string",
            "description": "The Trust's Organisation Data Service Code (ODS), for example R1A. Look up files are provided and maintained by NHS Digital, for example see: Trusts under https://digital.nhs.uk/services/organisation-data-service/data-downloads/other-nhs-organisations."
        },
        {
            "name": "VMP_SNOMED_CODE",
            "title": "Virtual Medicinal Product (VMP) SNOMED Code",
            "type": "integer",
            "description": "The Dictionary of Medicines and Devices (dm+d) Virtual Medicinal Product's (VMP) SNOMED code. For example: 322236009"
        },
        {
            "name": "VMP_PRODUCT_NAME",
            "title": "Virtual Medicinal Product (VMP) Product Name",
            "type": "string",
            "description": "The Dictionary of Medicines and Devices (dm+d) Virtual Medicinal Product's Name. For example: Paracetamol 500mg tablets."
        },
        {
            "name": "UNIT_OF_MEASURE_IDENTIFIER",
            "title": "Unit of Measure Identifier",
            "type": "integer",
            "description": "The unit of measure for the VMP quantity's SNOMED code, or the value 3314211000001106 if there is no value. For example: 428673006."
        },
        {
            "name": "UNIT_OF_MEASURE_NAME",
            "title": "Unit of Measure name",
            "type": "string",
            "description": "The Dictionary of Medicines and Devices (dm+d) unit of measure name for unit of measure identifier, unit dose form unit, or 'no value' if unknown. For example: tablet."
        },
        {
            "name": "TOTAL_QUANITY_IN_VMP_UNIT",
            "title": "Total Quantity in the Virtual Medicinal Product (VMP) Unit",
            "type": "float",
            "description": "The total quantity of medicines issued in Dictionary of Medicines and Devices (dm+d) unit dose form unit that the Virtual Medicinal Product (VMP) is defined, rounded to 2 decimal places. For example: 20."
        }
    ]
}