{
  "name": "datopian-nhs",
  "provider": "gcs",
  "bucket": "datopian-nhs",
  "resources": [
    {
      "name": "PCA_2014.csv",
      "path": "pca/PCA_2014.csv",
      "bytes": 5005838
    },
    {
      "name": "PCA_2015.csv",
      "path": "pca/PCA_2015.csv",
      "bytes": 5233611
    },
    {
      "name": "PCA_2016.csv",
      "path": "pca/PCA_2016.csv",
      "bytes": 5444645
    },
    {
      "name": "PCA_2017.csv",
      "path": "pca/PCA_2017.csv",
      "bytes": 5444282
    },
    {
      "name": "PCA_2018.csv",
      "path": "pca/PCA_2018.csv",
      "bytes": 5532446
    },
    {
      "name": "PCA_2019.csv",
      "path": "pca/PCA_2019.csv",
      "bytes": 5508376
    }
  ]
}