YEAR_MONTH,REGIONAL_OFFICE_NAME,REGIONAL_OFFICE_CODE,AREA_TEAM_NAME,AREA_TEAM_CODE,PCO_NAME,PCO_CODE,PRACTICE_NAME,PRACTICE_CODE,ADDRESS_1,ADDRESS_2,ADDRESS_3,ADDRESS_4,POSTCODE,BNF_CHEMICAL_SUBSTANCE,CHEMICAL_SUBSTANCE_BNF_DESCR,BNF_CODE,BNF_DESCRIPTION,BNF_CHAPTER_PLUS_CODE,QUANTITY,ITEMS,TOTAL_QUANTITY,ADQUSAGE,NIC,ACTUAL_COST,UNIDENTIFIED
201401,"MIDLANDS AND EAST OF ENGLAND","Y55","ESSEX  AREA","Q57","WEST ESSEX CCG","07H00","PALMERSTON ROAD SURGERY","F81165","18 PALMERSTON ROAD","","BUCKHURST HILL","ESSEX","IG9 5LT","0106040G0","Lactulose","0106040G0AAAAAA","Lactulose 3.1-3.7g/5ml oral solution","01: Gastro-Intestinal System",500.,10,5000.,250,30.9,29.21447,"N"
201401,"MIDLANDS AND EAST OF ENGLAND","Y55","ESSEX  AREA","Q57","WEST ESSEX CCG","07H00","PALMERSTON ROAD SURGERY","F81165","18 PALMERSTON ROAD","","BUCKHURST HILL","ESSEX","IG9 5LT","0106040G0","Lactulose","0106040G0AAAAAA","Lactulose 3.1-3.7g/5ml oral solution","01: Gastro-Intestinal System",1000.,2,2000.,100,12.36,11.66099,"N"
201401,"MIDLANDS AND EAST OF ENGLAND","Y55","ESSEX  AREA","Q57","WEST ESSEX CCG","07H00","PALMERSTON ROAD SURGERY","F81165","18 PALMERSTON ROAD","","BUCKHURST HILL","ESSEX","IG9 5LT","0106040M0","Macrogol 3350","0106040M0AAAAAA","Macrogol compound oral powder sachets NPF sugar free","01: Gastro-Intestinal System",60.,1,60.,30,13.36,12.59003,"N"
201401,"MIDLANDS AND EAST OF ENGLAND","Y55","ESSEX  AREA","Q57","WEST ESSEX CCG","07H00","PALMERSTON ROAD SURGERY","F81165","18 PALMERSTON ROAD","","BUCKHURST HILL","ESSEX","IG9 5LT","0106040M0","Macrogol 3350","0106040M0AAAAAA","Macrogol compound oral powder sachets NPF sugar free","01: Gastro-Intestinal System",30.,1,30.,15,6.68,6.30121,"N"
201401,"MIDLANDS AND EAST OF ENGLAND","Y55","ESSEX  AREA","Q57","WEST ESSEX CCG","07H00","PALMERSTON ROAD SURGERY","F81165","18 PALMERSTON ROAD","","BUCKHURST HILL","ESSEX","IG9 5LT","0106040M0","Macrogol 3350","0106040M0BBAAAA","Movicol oral powder 13.8g sachets lemon & lime","01: Gastro-Intestinal System",60.,1,60.,30,13.36,12.59003,"N"
201401,"MIDLANDS AND EAST OF ENGLAND","Y55","ESSEX  AREA","Q57","WEST ESSEX CCG","07H00","PALMERSTON ROAD SURGERY","F81165","18 PALMERSTON ROAD","","BUCKHURST HILL","ESSEX","IG9 5LT","0106040M0","Macrogol 3350","0106040M0BBAAAA","Movicol oral powder 13.8g sachets lemon & lime","01: Gastro-Intestinal System",30.,3,90.,45,20.04,18.90364,"N"
201401,"MIDLANDS AND EAST OF ENGLAND","Y55","ESSEX  AREA","Q57","WEST ESSEX CCG","07H00","PALMERSTON ROAD SURGERY","F81165","18 PALMERSTON ROAD","","BUCKHURST HILL","ESSEX","IG9 5LT","0106040M0","Macrogol 3350","0106040M0BBADAA","Movicol Plain oral powder 13.7g sachets","01: Gastro-Intestinal System",50.,1,50.,25,11.13,10.59062,"N"
201401,"MIDLANDS AND EAST OF ENGLAND","Y55","ESSEX  AREA","Q57","WEST ESSEX CCG","07H00","PALMERSTON ROAD SURGERY","F81165","18 PALMERSTON ROAD","","BUCKHURST HILL","ESSEX","IG9 5LT","0106040M0","Macrogol 3350","0106040M0BBADAA","Movicol Plain oral powder 13.7g sachets","01: Gastro-Intestinal System",30.,1,30.,15,6.68,6.30121,"N"
201401,"MIDLANDS AND EAST OF ENGLAND","Y55","ESSEX  AREA","Q57","WEST ESSEX CCG","07H00","PALMERSTON ROAD SURGERY","F81165","18 PALMERSTON ROAD","","BUCKHURST HILL","ESSEX","IG9 5LT","0106040M0","Macrogol 3350","0106040M0BBADAA","Movicol Plain oral powder 13.7g sachets","01: Gastro-Intestinal System",60.,4,240.,120,53.44,50.36011,"N"
