{
  "fields": [
    {
      "name": "YEAR_MONTH",
      "title": "Year and Month as YYYYMM",
      "type": "integer",
      "description": "Example: `201401`"
    },
    {
      "name": "REGIONAL_OFFICE_NAME",
      "title": "Regional Office Name",
      "type": "string",
      "description": "The name given to a geographical region by NHS England. Each region supports local systems to provide more joined up and care for patients."
    },
    {
      "name": "REGIONAL_OFFICE_CODE",
      "title": "Regional Office Code",
      "type": "string",
      "description": "The unique code used to refer to a Regional Office."
    },
    {
      "name": "AREA_TEAM_NAME",
      "title": "Area Team Name",
      "type": "string",
      "description": "The name given to a geographical area by NHS England that is a smaller division of a Regional Office. (This column is only present in data from Jan 2014 to Mar 2020)"
    },
    {
      "name": "AREA_TEAM_CODE",
      "title": "Area Team Code",
      "type": "string",
      "description": "The unique code used to refer to an Area Team. (This column is only present in data from Jan 2014 to Mar 2020)"
    },
    {
      "name": "STP_NAME",
      "title": "Area Team Name",
      "type": "string",
      "description": "The name given to a geographical area by NHS England that is a smaller division of a Region.  STP stands for Sustainability and Transformation Partnership"
    },
    {
      "name": "STP_CODE",
      "title": "Area Team Code",
      "type": "string",
      "description": "The unique code used to refer to an STP. STP stands for Sustainability and Transformation Partnership."
    },
    {
      "name": "PCO_NAME",
      "title": "Primary Care Organisation Name",
      "type": "string",
      "description": "An NHS organisation that commissions or provides care services involving prescriptions that are dispensed in the community. \n\nFor example: a Clinical Commissioning Group (CCG), an NHS Trust."
    },
    {
      "name": "PCO_CODE",
      "title": "Primary Care Organisation Code",
      "type": "string",
      "description": "The unique code used to refer to a Primary Care Organisation."
    },
    {
      "name": "PRACTICE_NAME",
      "title": "Practice Name ",
      "type": "string",
      "description": "The name of an organisation that employs one or more prescribers who issue prescriptions that may be dispensed in the community. For example:\na GP Practice, an Out-of-Hours service, a hospital department within an NHS Trust."
    },
    {
      "name": "PRACTICE_CODE",
      "title": "Practice Code",
      "type": "string",
      "description": "The unique code used to refer to a Practice."
    },
    {
      "name": "ADDRESS_1",
      "title": "Address Field 1",
      "type": "string",
      "description": "The Address used by a Practice. This data is supplied by Primary Care Support England (PSCE), NHS England Area Teams or the Clinical Commissioning Group, whenever a new practice is opened or if a change of details is required.\n\nThis data is supplied by Primary Care Support England (PSCE), NHS England Area Teams or the Clinical Commissioning Group, whenever a new practice is opened or if a change of details is required."
    },
    {
      "name": "ADDRESS_2",
      "title": "Address Field 2",
      "type": "string",
      "description": "The Address used by a Practice. This data is supplied by Primary Care Support England (PSCE), NHS England Area Teams or the Clinical Commissioning Group, whenever a new practice is opened or if a change of details is required.\n\nThis data is supplied by Primary Care Support England (PSCE), NHS England Area Teams or the Clinical Commissioning Group, whenever a new practice is opened or if a change of details is required."
    },
    {
      "name": "ADDRESS_3",
      "title": "Address Field 3",
      "type": "string",
      "description": "The Address used by a Practice. This data is supplied by Primary Care Support England (PSCE), NHS England Area Teams or the Clinical Commissioning Group, whenever a new practice is opened or if a change of details is required.\n\nThis data is supplied by Primary Care Support England (PSCE), NHS England Area Teams or the Clinical Commissioning Group, whenever a new practice is opened or if a change of details is required."
    },
    {
      "name": "ADDRESS_4",
      "title": "Address Field 4",
      "type": "string",
      "description": "The Address used by a Practice. This data is supplied by Primary Care Support England (PSCE), NHS England Area Teams or the Clinical Commissioning Group, whenever a new practice is opened or if a change of details is required.\n\nThis data is supplied by Primary Care Support England (PSCE), NHS England Area Teams or the Clinical Commissioning Group, whenever a new practice is opened or if a change of details is required."
    },
    {
      "name": "POSTCODE",
      "title": "Post Code",
      "type": "string",
      "description": "The Address used by a Practice. This data is supplied by Primary Care Support England (PSCE), NHS England Area Teams or the Clinical Commissioning Group, whenever a new practice is opened or if a change of details is required.\n\nThis data is supplied by Primary Care Support England (PSCE), NHS England Area Teams or the Clinical Commissioning Group, whenever a new practice is opened or if a change of details is required."
    },
    {
      "name": "BNF_CHEMICAL_SUBSTANCE",
      "title": " British National Formulatory (BNF) Chemical Substance Code",
      "type": "string",
      "description": "A unique code used to refer to a BNF Chemical Substance.\n\nFor example, `0501013B0`"
    },
    {
      "name": "CHEMICAL_SUBSTANCE_BNF_DESCR",
      "title": " British National Formulatory (BNF) Chemical Substance Description",
      "type": "string",
      "description": "The name of the main active ingredient in a drug or the type of an appliance. \n\nDetermined by the British National Formulatory (BNF) for drugs, or the NHS BSA for appliances. For example, `Amoxicillin`"
    },
    {
      "name": "BNF_CODE",
      "title": " British National Formulatory (BNF) Code",
      "type": "string",
      "description": "The unique code used to refer to a BNF Presentation. For example, `0501013B0AAABAB`"
    },
    {
      "name": "BNF_DESCRIPTION",
      "title": " British National Formulatory (BNF) Description",
      "type": "string",
      "description": "The name given to the specific type, strength, and formulation of a drug; or, the specific type of an appliance. For example, `Amoxicillin 500mg` capsules"
    },
    {
      "name": "BNF_CHAPTER_PLUS_CODE",
      "title": "British National Formulatory (BNF) Description",
      "type": "string",
      "description": "The name given to a British National Formulatory (BNF) Chapter that includes the prescribed product. Includes the numerical code used to refer to the chapter.\n\nFor example, `05: Infections`"
    },
    {
      "name": "QUANTITY",
      "title": "Quantity",
      "type": "number",
      "description": "The quantity of a medicine, dressing or appliance for which an individual item was prescribed and dispensed, for each BNF Presentation. This represents a pseudo pack size, to illustrate the typical range of prescribed quantities of a given presentation. For example, a quantity of 28 for `Amoxicillin 500mg` capsules means that the pack size dispensed was 28 capsules."
    },
    {
      "name": "ITEMS",
      "title": "Items",
      "type": "integer",
      "description": "The number of times a product appears on a prescription form. Prescription forms include both paper prescriptions and electronic messages."
    },
    {
      "name": "TOTAL_QUANTITY",
      "title": "Total Quantity",
      "type": "number",
      "description": "The total quantity of a drug or appliance that was prescribed.\n\nThis is calculated by multiplying Quantity by Items. For example, if 2 items of `Amoxicillin 500mg` capsules with a quantity of 28 were prescribed, total quantity will be 56."
    },
    {
      "name": "ADQUSAGE",
      "title": "Average Daily Quantity (ADQ) ",
      "type": "number",
      "description": "Average Daily Quantity (ADQ) is the typical daily dose of a medication, prescribed to adult patients by GP Practices.\n\nThis field shows the quantity prescribed multiplied by the strength, which is then divided by the Average Daily Quantity value."
    },
    {
      "name": "NIC",
      "title": "Net Ingredient Cost (NIC)",
      "type": "number",
      "description": "The amount that would be paid using the basic price of the prescribed drug or appliance and the quantity prescribed.\n\nSometimes called the 'Net Ingredient Cost' (NIC).\n\nThe basic price is given either in the Drug Tariff or is determined from prices published by manufacturers, wholesalers or suppliers. Basic price is set out in Parts 8 and 9 of the Drug Tariff. \n\nFor any drugs or appliances not in Part 8, the price is usually taken from the manufacturer, wholesaler or supplier of the product."
    },
    {
      "name": "ACTUAL_COST",
      "title": "Actual Cost ",
      "type": "number",
      "description": "The basic cost after adjustment for the national average discount and some payments to the dispenser.\n\nSee notes for details of the calculation. The calculation is:\n\nNet Ingredient Cost - National Average Discount Percentage + (payment for consumables + out of pocket expenses + payment for containers)"
    },
    {
      "name": "UNIDENTIFIED",
      "title": "Unidentified",
      "type": "boolean",
      "description": "This field shows data from prescription forms that could not be allocated to a Practice. Please see the guidance notes for a more detailed explanation of this field, and its uses."
    }
  ]
}