{
  "name": "prescription-cost-analysis-in-england-pca",
  "owner_org": "community_prescribing_dispensing",
  "resources": [
    {
      "name": "PCA_2014",
      "path": "https://storage.googleapis.com/datopian-nhs/pca/PCA_2014.csv",
      "bytes": 5005838,
      "title": "Prescription Cost Analysis in England (PCA) - 2014",
      "gs_url": "gs://datopian-nhs/pca/PCA_2014.csv",
      "format": "csv",
      "mediatype": "text/csv",
      "bq_table_name": "PCA_2014",
      "bq_table_id": "bigquerytest-271707.nhs_production.PCA_2014",
      "schema": {
        "fields": [
          {
            "name": "calendarYear",
            "title": "Calendar Year",
            "type": "integer",
            "description": "The calendar year that the data relates to."
          },
          {
            "name": "presentationBNFDescription",
            "title": "BNF presentation name",
            "type": "string",
            "description": "The name given to the specific type, strength, and formulation of a drug; or, the specific type of an appliance. For example, Paracetamol 500mg tablets."
          },
          {
            "name": "presentationBNFCode",
            "title": "BNF code",
            "type": "string",
            "description": "The unique code used to refer to a BNF Presentation."
          },
          {
            "name": "chemSubBNFDescription",
            "title": "BNF chemical substance name",
            "type": "string",
            "description": "The name of the main active ingredient in a drug. Appliances do not hold a chemical substance, but instead inherit the corresponding BNF section. Determined by the British National Formulatory (BNF) for drugs, or the NHS BSA for appliances. For example, Amoxicillin."
          },
          {
            "name": "chemSubBNFCode",
            "title": "BNF chemical substance code",
            "type": "string",
            "description": "The unique code used to refer to the British National Formulary (BNF) chemical substance."
          },
          {
            "name": "sectionBNFDescription",
            "title": "BNF section name",
            "type": "string",
            "description": "The name given to a British National Formulary (BNF) section. This is the next broadest grouping of the BNF therapeutical classification system after chapter."
          },
          {
            "name": "sectionBNFCode",
            "title": "BNF section code",
            "type": "string",
            "description": "The unique code used to refer to the British National Formulary (BNF) section."
          },
          {
            "name": "chapterBNFDescription",
            "title": "BNF chapter name",
            "type": "string",
            "description": "The name given to a British National Formulary (BNF) chapter. This is the broadest grouping of the BNF therapeutical classification system."
          },
          {
            "name": "chapterBNFCode",
            "title": "BNF chapter code",
            "type": "integer",
            "description": "The unique code used to refer to the British National Formulary (BNF) chapter."
          },
          {
            "name": "prepClass",
            "title": "Preparation class",
            "type": "integer",
            "description": "Generic prescribing is encouraged and many drugs are now prescribed generically even when they are not available in generic form (principally because the branded product is still in patent). Within this data prescriptions items are classified in four ways: \nClass 1 - Drugs prescribed and available generically\nClass 2 - Drugs prescribed generically but only available as a proprietary product\nClass 3 - Drugs prescribed and dispensed by proprietary brand name\nClass 4 - Dressings and appliances"
          },
          {
            "name": "dispensedItems",
            "title": "Dispensed items",
            "type": "string",
            "description": "The number prescription items dispensed. 'Items' is the number of times a product appears on a prescription form. Prescription forms include both paper prescriptions and electronic messages."
          },
          {
            "name": "class2Items",
            "title": "Of which class 2 items",
            "type": "string",
            "description": "Of which class 2 items' is the number of 'Dispensed items' that have been apportioned to the listed presentation that were prescribed generically."
          },
          {
            "name": "quantity",
            "title": "Total quantity",
            "type": "number",
            "description": "The total quantity of a drug or appliance that was prescribed. This is calculated by multiplying Quantity by Items. For example, if 2 items of Paracetamol 500mg tablets with a quantity of 28 were prescribed, the total quantity will be 56."
          },
          {
            "name": "netIngredientCost",
            "title": "Total cost",
            "type": "number",
            "description": "Total cost is the amount that would be paid using the basic price of the prescribed drug or appliance and the quantity prescribed. Sometimes called the 'Net Ingredient Cost' (NIC). The basic price is given either in the Drug Tariff or is determined from prices published by manufacturers, wholesalers or suppliers. Basic price is set out in Parts 8 and 9 of the Drug Tariff. For any drugs or appliances not in Part 8, the price is usually taken from the manufacturer, wholesaler or supplier of the product. This is given in GBP."
          },
          {
            "name": "nicPerItem",
            "title": "Cost per item",
            "type": "number",
            "description": "Cost per item is calculated by dividing the 'Total cost' by the number of 'Dispensed items'."
          },
          {
            "name": "nicPerQuantity",
            "title": "Cost per quantity",
            "type": "number",
            "description": "Cost per quantity is calculated by dividing the 'Total cost' by the 'Total quantity'."
          },
          {
            "name": "quantityPerItem",
            "title": "Quantity per item",
            "type": "number",
            "description": "Quantity per item is calculated by dividing the 'Total quantity' by the number of 'Dispensed items'."
          }
        ]
      }
    },
    {
      "name": "PCA_2015",
      "path": "https://storage.googleapis.com/datopian-nhs/pca/PCA_2015.csv",
      "bytes": 5233611,
      "title": "Prescription Cost Analysis in England (PCA) - 2015",
      "gs_url": "gs://datopian-nhs/pca/PCA_2015.csv",
      "format": "csv",
      "mediatype": "text/csv",
      "bq_table_name": "PCA_2015",
      "bq_table_id": "bigquerytest-271707.nhs_production.PCA_2015",
      "schema": {
        "fields": [
          {
            "name": "calendarYear",
            "title": "Calendar Year",
            "type": "integer",
            "description": "The calendar year that the data relates to."
          },
          {
            "name": "presentationBNFDescription",
            "title": "BNF presentation name",
            "type": "string",
            "description": "The name given to the specific type, strength, and formulation of a drug; or, the specific type of an appliance. For example, Paracetamol 500mg tablets."
          },
          {
            "name": "presentationBNFCode",
            "title": "BNF code",
            "type": "string",
            "description": "The unique code used to refer to a BNF Presentation."
          },
          {
            "name": "chemSubBNFDescription",
            "title": "BNF chemical substance name",
            "type": "string",
            "description": "The name of the main active ingredient in a drug. Appliances do not hold a chemical substance, but instead inherit the corresponding BNF section. Determined by the British National Formulatory (BNF) for drugs, or the NHS BSA for appliances. For example, Amoxicillin."
          },
          {
            "name": "chemSubBNFCode",
            "title": "BNF chemical substance code",
            "type": "string",
            "description": "The unique code used to refer to the British National Formulary (BNF) chemical substance."
          },
          {
            "name": "sectionBNFDescription",
            "title": "BNF section name",
            "type": "string",
            "description": "The name given to a British National Formulary (BNF) section. This is the next broadest grouping of the BNF therapeutical classification system after chapter."
          },
          {
            "name": "sectionBNFCode",
            "title": "BNF section code",
            "type": "string",
            "description": "The unique code used to refer to the British National Formulary (BNF) section."
          },
          {
            "name": "chapterBNFDescription",
            "title": "BNF chapter name",
            "type": "string",
            "description": "The name given to a British National Formulary (BNF) chapter. This is the broadest grouping of the BNF therapeutical classification system."
          },
          {
            "name": "chapterBNFCode",
            "title": "BNF chapter code",
            "type": "integer",
            "description": "The unique code used to refer to the British National Formulary (BNF) chapter."
          },
          {
            "name": "prepClass",
            "title": "Preparation class",
            "type": "integer",
            "description": "Generic prescribing is encouraged and many drugs are now prescribed generically even when they are not available in generic form (principally because the branded product is still in patent). Within this data prescriptions items are classified in four ways: \nClass 1 - Drugs prescribed and available generically\nClass 2 - Drugs prescribed generically but only available as a proprietary product\nClass 3 - Drugs prescribed and dispensed by proprietary brand name\nClass 4 - Dressings and appliances"
          },
          {
            "name": "dispensedItems",
            "title": "Dispensed items",
            "type": "string",
            "description": "The number prescription items dispensed. 'Items' is the number of times a product appears on a prescription form. Prescription forms include both paper prescriptions and electronic messages."
          },
          {
            "name": "class2Items",
            "title": "Of which class 2 items",
            "type": "string",
            "description": "Of which class 2 items' is the number of 'Dispensed items' that have been apportioned to the listed presentation that were prescribed generically."
          },
          {
            "name": "quantity",
            "title": "Total quantity",
            "type": "number",
            "description": "The total quantity of a drug or appliance that was prescribed. This is calculated by multiplying Quantity by Items. For example, if 2 items of Paracetamol 500mg tablets with a quantity of 28 were prescribed, the total quantity will be 56."
          },
          {
            "name": "netIngredientCost",
            "title": "Total cost",
            "type": "number",
            "description": "Total cost is the amount that would be paid using the basic price of the prescribed drug or appliance and the quantity prescribed. Sometimes called the 'Net Ingredient Cost' (NIC). The basic price is given either in the Drug Tariff or is determined from prices published by manufacturers, wholesalers or suppliers. Basic price is set out in Parts 8 and 9 of the Drug Tariff. For any drugs or appliances not in Part 8, the price is usually taken from the manufacturer, wholesaler or supplier of the product. This is given in GBP."
          },
          {
            "name": "nicPerItem",
            "title": "Cost per item",
            "type": "number",
            "description": "Cost per item is calculated by dividing the 'Total cost' by the number of 'Dispensed items'."
          },
          {
            "name": "nicPerQuantity",
            "title": "Cost per quantity",
            "type": "number",
            "description": "Cost per quantity is calculated by dividing the 'Total cost' by the 'Total quantity'."
          },
          {
            "name": "quantityPerItem",
            "title": "Quantity per item",
            "type": "number",
            "description": "Quantity per item is calculated by dividing the 'Total quantity' by the number of 'Dispensed items'."
          }
        ]
      }
    },
    {
      "name": "PCA_2016",
      "path": "https://storage.googleapis.com/datopian-nhs/pca/PCA_2016.csv",
      "bytes": 5444645,
      "title": "Prescription Cost Analysis in England (PCA) - 2016",
      "gs_url": "gs://datopian-nhs/pca/PCA_2016.csv",
      "format": "csv",
      "mediatype": "text/csv",
      "bq_table_name": "PCA_2016",
      "bq_table_id": "bigquerytest-271707.nhs_production.PCA_2016",
      "schema": {
        "fields": [
          {
            "name": "calendarYear",
            "title": "Calendar Year",
            "type": "integer",
            "description": "The calendar year that the data relates to."
          },
          {
            "name": "presentationBNFDescription",
            "title": "BNF presentation name",
            "type": "string",
            "description": "The name given to the specific type, strength, and formulation of a drug; or, the specific type of an appliance. For example, Paracetamol 500mg tablets."
          },
          {
            "name": "presentationBNFCode",
            "title": "BNF code",
            "type": "string",
            "description": "The unique code used to refer to a BNF Presentation."
          },
          {
            "name": "chemSubBNFDescription",
            "title": "BNF chemical substance name",
            "type": "string",
            "description": "The name of the main active ingredient in a drug. Appliances do not hold a chemical substance, but instead inherit the corresponding BNF section. Determined by the British National Formulatory (BNF) for drugs, or the NHS BSA for appliances. For example, Amoxicillin."
          },
          {
            "name": "chemSubBNFCode",
            "title": "BNF chemical substance code",
            "type": "string",
            "description": "The unique code used to refer to the British National Formulary (BNF) chemical substance."
          },
          {
            "name": "sectionBNFDescription",
            "title": "BNF section name",
            "type": "string",
            "description": "The name given to a British National Formulary (BNF) section. This is the next broadest grouping of the BNF therapeutical classification system after chapter."
          },
          {
            "name": "sectionBNFCode",
            "title": "BNF section code",
            "type": "string",
            "description": "The unique code used to refer to the British National Formulary (BNF) section."
          },
          {
            "name": "chapterBNFDescription",
            "title": "BNF chapter name",
            "type": "string",
            "description": "The name given to a British National Formulary (BNF) chapter. This is the broadest grouping of the BNF therapeutical classification system."
          },
          {
            "name": "chapterBNFCode",
            "title": "BNF chapter code",
            "type": "integer",
            "description": "The unique code used to refer to the British National Formulary (BNF) chapter."
          },
          {
            "name": "prepClass",
            "title": "Preparation class",
            "type": "integer",
            "description": "Generic prescribing is encouraged and many drugs are now prescribed generically even when they are not available in generic form (principally because the branded product is still in patent). Within this data prescriptions items are classified in four ways: \nClass 1 - Drugs prescribed and available generically\nClass 2 - Drugs prescribed generically but only available as a proprietary product\nClass 3 - Drugs prescribed and dispensed by proprietary brand name\nClass 4 - Dressings and appliances"
          },
          {
            "name": "dispensedItems",
            "title": "Dispensed items",
            "type": "string",
            "description": "The number prescription items dispensed. 'Items' is the number of times a product appears on a prescription form. Prescription forms include both paper prescriptions and electronic messages."
          },
          {
            "name": "class2Items",
            "title": "Of which class 2 items",
            "type": "string",
            "description": "Of which class 2 items' is the number of 'Dispensed items' that have been apportioned to the listed presentation that were prescribed generically."
          },
          {
            "name": "quantity",
            "title": "Total quantity",
            "type": "number",
            "description": "The total quantity of a drug or appliance that was prescribed. This is calculated by multiplying Quantity by Items. For example, if 2 items of Paracetamol 500mg tablets with a quantity of 28 were prescribed, the total quantity will be 56."
          },
          {
            "name": "netIngredientCost",
            "title": "Total cost",
            "type": "number",
            "description": "Total cost is the amount that would be paid using the basic price of the prescribed drug or appliance and the quantity prescribed. Sometimes called the 'Net Ingredient Cost' (NIC). The basic price is given either in the Drug Tariff or is determined from prices published by manufacturers, wholesalers or suppliers. Basic price is set out in Parts 8 and 9 of the Drug Tariff. For any drugs or appliances not in Part 8, the price is usually taken from the manufacturer, wholesaler or supplier of the product. This is given in GBP."
          },
          {
            "name": "nicPerItem",
            "title": "Cost per item",
            "type": "number",
            "description": "Cost per item is calculated by dividing the 'Total cost' by the number of 'Dispensed items'."
          },
          {
            "name": "nicPerQuantity",
            "title": "Cost per quantity",
            "type": "number",
            "description": "Cost per quantity is calculated by dividing the 'Total cost' by the 'Total quantity'."
          },
          {
            "name": "quantityPerItem",
            "title": "Quantity per item",
            "type": "number",
            "description": "Quantity per item is calculated by dividing the 'Total quantity' by the number of 'Dispensed items'."
          }
        ]
      }
    },
    {
      "name": "PCA_2017",
      "path": "https://storage.googleapis.com/datopian-nhs/pca/PCA_2017.csv",
      "bytes": 5444282,
      "title": "Prescription Cost Analysis in England (PCA) - 2017",
      "gs_url": "gs://datopian-nhs/pca/PCA_2017.csv",
      "format": "csv",
      "mediatype": "text/csv",
      "bq_table_name": "PCA_2017",
      "bq_table_id": "bigquerytest-271707.nhs_production.PCA_2017",
      "schema": {
        "fields": [
          {
            "name": "calendarYear",
            "title": "Calendar Year",
            "type": "integer",
            "description": "The calendar year that the data relates to."
          },
          {
            "name": "presentationBNFDescription",
            "title": "BNF presentation name",
            "type": "string",
            "description": "The name given to the specific type, strength, and formulation of a drug; or, the specific type of an appliance. For example, Paracetamol 500mg tablets."
          },
          {
            "name": "presentationBNFCode",
            "title": "BNF code",
            "type": "string",
            "description": "The unique code used to refer to a BNF Presentation."
          },
          {
            "name": "chemSubBNFDescription",
            "title": "BNF chemical substance name",
            "type": "string",
            "description": "The name of the main active ingredient in a drug. Appliances do not hold a chemical substance, but instead inherit the corresponding BNF section. Determined by the British National Formulatory (BNF) for drugs, or the NHS BSA for appliances. For example, Amoxicillin."
          },
          {
            "name": "chemSubBNFCode",
            "title": "BNF chemical substance code",
            "type": "string",
            "description": "The unique code used to refer to the British National Formulary (BNF) chemical substance."
          },
          {
            "name": "sectionBNFDescription",
            "title": "BNF section name",
            "type": "string",
            "description": "The name given to a British National Formulary (BNF) section. This is the next broadest grouping of the BNF therapeutical classification system after chapter."
          },
          {
            "name": "sectionBNFCode",
            "title": "BNF section code",
            "type": "string",
            "description": "The unique code used to refer to the British National Formulary (BNF) section."
          },
          {
            "name": "chapterBNFDescription",
            "title": "BNF chapter name",
            "type": "string",
            "description": "The name given to a British National Formulary (BNF) chapter. This is the broadest grouping of the BNF therapeutical classification system."
          },
          {
            "name": "chapterBNFCode",
            "title": "BNF chapter code",
            "type": "integer",
            "description": "The unique code used to refer to the British National Formulary (BNF) chapter."
          },
          {
            "name": "prepClass",
            "title": "Preparation class",
            "type": "integer",
            "description": "Generic prescribing is encouraged and many drugs are now prescribed generically even when they are not available in generic form (principally because the branded product is still in patent). Within this data prescriptions items are classified in four ways: \nClass 1 - Drugs prescribed and available generically\nClass 2 - Drugs prescribed generically but only available as a proprietary product\nClass 3 - Drugs prescribed and dispensed by proprietary brand name\nClass 4 - Dressings and appliances"
          },
          {
            "name": "dispensedItems",
            "title": "Dispensed items",
            "type": "string",
            "description": "The number prescription items dispensed. 'Items' is the number of times a product appears on a prescription form. Prescription forms include both paper prescriptions and electronic messages."
          },
          {
            "name": "class2Items",
            "title": "Of which class 2 items",
            "type": "string",
            "description": "Of which class 2 items' is the number of 'Dispensed items' that have been apportioned to the listed presentation that were prescribed generically."
          },
          {
            "name": "quantity",
            "title": "Total quantity",
            "type": "number",
            "description": "The total quantity of a drug or appliance that was prescribed. This is calculated by multiplying Quantity by Items. For example, if 2 items of Paracetamol 500mg tablets with a quantity of 28 were prescribed, the total quantity will be 56."
          },
          {
            "name": "netIngredientCost",
            "title": "Total cost",
            "type": "number",
            "description": "Total cost is the amount that would be paid using the basic price of the prescribed drug or appliance and the quantity prescribed. Sometimes called the 'Net Ingredient Cost' (NIC). The basic price is given either in the Drug Tariff or is determined from prices published by manufacturers, wholesalers or suppliers. Basic price is set out in Parts 8 and 9 of the Drug Tariff. For any drugs or appliances not in Part 8, the price is usually taken from the manufacturer, wholesaler or supplier of the product. This is given in GBP."
          },
          {
            "name": "nicPerItem",
            "title": "Cost per item",
            "type": "number",
            "description": "Cost per item is calculated by dividing the 'Total cost' by the number of 'Dispensed items'."
          },
          {
            "name": "nicPerQuantity",
            "title": "Cost per quantity",
            "type": "number",
            "description": "Cost per quantity is calculated by dividing the 'Total cost' by the 'Total quantity'."
          },
          {
            "name": "quantityPerItem",
            "title": "Quantity per item",
            "type": "number",
            "description": "Quantity per item is calculated by dividing the 'Total quantity' by the number of 'Dispensed items'."
          }
        ]
      }
    },
    {
      "name": "PCA_2018",
      "path": "https://storage.googleapis.com/datopian-nhs/pca/PCA_2018.csv",
      "bytes": 5532446,
      "title": "Prescription Cost Analysis in England (PCA) - 2018",
      "gs_url": "gs://datopian-nhs/pca/PCA_2018.csv",
      "format": "csv",
      "mediatype": "text/csv",
      "bq_table_name": "PCA_2018",
      "bq_table_id": "bigquerytest-271707.nhs_production.PCA_2018",
      "schema": {
        "fields": [
          {
            "name": "calendarYear",
            "title": "Calendar Year",
            "type": "integer",
            "description": "The calendar year that the data relates to."
          },
          {
            "name": "presentationBNFDescription",
            "title": "BNF presentation name",
            "type": "string",
            "description": "The name given to the specific type, strength, and formulation of a drug; or, the specific type of an appliance. For example, Paracetamol 500mg tablets."
          },
          {
            "name": "presentationBNFCode",
            "title": "BNF code",
            "type": "string",
            "description": "The unique code used to refer to a BNF Presentation."
          },
          {
            "name": "chemSubBNFDescription",
            "title": "BNF chemical substance name",
            "type": "string",
            "description": "The name of the main active ingredient in a drug. Appliances do not hold a chemical substance, but instead inherit the corresponding BNF section. Determined by the British National Formulatory (BNF) for drugs, or the NHS BSA for appliances. For example, Amoxicillin."
          },
          {
            "name": "chemSubBNFCode",
            "title": "BNF chemical substance code",
            "type": "string",
            "description": "The unique code used to refer to the British National Formulary (BNF) chemical substance."
          },
          {
            "name": "sectionBNFDescription",
            "title": "BNF section name",
            "type": "string",
            "description": "The name given to a British National Formulary (BNF) section. This is the next broadest grouping of the BNF therapeutical classification system after chapter."
          },
          {
            "name": "sectionBNFCode",
            "title": "BNF section code",
            "type": "string",
            "description": "The unique code used to refer to the British National Formulary (BNF) section."
          },
          {
            "name": "chapterBNFDescription",
            "title": "BNF chapter name",
            "type": "string",
            "description": "The name given to a British National Formulary (BNF) chapter. This is the broadest grouping of the BNF therapeutical classification system."
          },
          {
            "name": "chapterBNFCode",
            "title": "BNF chapter code",
            "type": "integer",
            "description": "The unique code used to refer to the British National Formulary (BNF) chapter."
          },
          {
            "name": "prepClass",
            "title": "Preparation class",
            "type": "integer",
            "description": "Generic prescribing is encouraged and many drugs are now prescribed generically even when they are not available in generic form (principally because the branded product is still in patent). Within this data prescriptions items are classified in four ways: \nClass 1 - Drugs prescribed and available generically\nClass 2 - Drugs prescribed generically but only available as a proprietary product\nClass 3 - Drugs prescribed and dispensed by proprietary brand name\nClass 4 - Dressings and appliances"
          },
          {
            "name": "dispensedItems",
            "title": "Dispensed items",
            "type": "string",
            "description": "The number prescription items dispensed. 'Items' is the number of times a product appears on a prescription form. Prescription forms include both paper prescriptions and electronic messages."
          },
          {
            "name": "class2Items",
            "title": "Of which class 2 items",
            "type": "string",
            "description": "Of which class 2 items' is the number of 'Dispensed items' that have been apportioned to the listed presentation that were prescribed generically."
          },
          {
            "name": "quantity",
            "title": "Total quantity",
            "type": "number",
            "description": "The total quantity of a drug or appliance that was prescribed. This is calculated by multiplying Quantity by Items. For example, if 2 items of Paracetamol 500mg tablets with a quantity of 28 were prescribed, the total quantity will be 56."
          },
          {
            "name": "netIngredientCost",
            "title": "Total cost",
            "type": "number",
            "description": "Total cost is the amount that would be paid using the basic price of the prescribed drug or appliance and the quantity prescribed. Sometimes called the 'Net Ingredient Cost' (NIC). The basic price is given either in the Drug Tariff or is determined from prices published by manufacturers, wholesalers or suppliers. Basic price is set out in Parts 8 and 9 of the Drug Tariff. For any drugs or appliances not in Part 8, the price is usually taken from the manufacturer, wholesaler or supplier of the product. This is given in GBP."
          },
          {
            "name": "nicPerItem",
            "title": "Cost per item",
            "type": "number",
            "description": "Cost per item is calculated by dividing the 'Total cost' by the number of 'Dispensed items'."
          },
          {
            "name": "nicPerQuantity",
            "title": "Cost per quantity",
            "type": "number",
            "description": "Cost per quantity is calculated by dividing the 'Total cost' by the 'Total quantity'."
          },
          {
            "name": "quantityPerItem",
            "title": "Quantity per item",
            "type": "number",
            "description": "Quantity per item is calculated by dividing the 'Total quantity' by the number of 'Dispensed items'."
          }
        ]
      }
    },
    {
      "name": "PCA_2019",
      "path": "https://storage.googleapis.com/datopian-nhs/pca/PCA_2019.csv",
      "bytes": 5508376,
      "title": "Prescription Cost Analysis in England (PCA) - 2019",
      "gs_url": "gs://datopian-nhs/pca/PCA_2019.csv",
      "format": "csv",
      "mediatype": "text/csv",
      "bq_table_name": "PCA_2019",
      "bq_table_id": "bigquerytest-271707.nhs_production.PCA_2019",
      "schema": {
        "fields": [
          {
            "name": "calendarYear",
            "title": "Calendar Year",
            "type": "integer",
            "description": "The calendar year that the data relates to."
          },
          {
            "name": "presentationBNFDescription",
            "title": "BNF presentation name",
            "type": "string",
            "description": "The name given to the specific type, strength, and formulation of a drug; or, the specific type of an appliance. For example, Paracetamol 500mg tablets."
          },
          {
            "name": "presentationBNFCode",
            "title": "BNF code",
            "type": "string",
            "description": "The unique code used to refer to a BNF Presentation."
          },
          {
            "name": "chemSubBNFDescription",
            "title": "BNF chemical substance name",
            "type": "string",
            "description": "The name of the main active ingredient in a drug. Appliances do not hold a chemical substance, but instead inherit the corresponding BNF section. Determined by the British National Formulatory (BNF) for drugs, or the NHS BSA for appliances. For example, Amoxicillin."
          },
          {
            "name": "chemSubBNFCode",
            "title": "BNF chemical substance code",
            "type": "string",
            "description": "The unique code used to refer to the British National Formulary (BNF) chemical substance."
          },
          {
            "name": "sectionBNFDescription",
            "title": "BNF section name",
            "type": "string",
            "description": "The name given to a British National Formulary (BNF) section. This is the next broadest grouping of the BNF therapeutical classification system after chapter."
          },
          {
            "name": "sectionBNFCode",
            "title": "BNF section code",
            "type": "string",
            "description": "The unique code used to refer to the British National Formulary (BNF) section."
          },
          {
            "name": "chapterBNFDescription",
            "title": "BNF chapter name",
            "type": "string",
            "description": "The name given to a British National Formulary (BNF) chapter. This is the broadest grouping of the BNF therapeutical classification system."
          },
          {
            "name": "chapterBNFCode",
            "title": "BNF chapter code",
            "type": "integer",
            "description": "The unique code used to refer to the British National Formulary (BNF) chapter."
          },
          {
            "name": "prepClass",
            "title": "Preparation class",
            "type": "integer",
            "description": "Generic prescribing is encouraged and many drugs are now prescribed generically even when they are not available in generic form (principally because the branded product is still in patent). Within this data prescriptions items are classified in four ways: \nClass 1 - Drugs prescribed and available generically\nClass 2 - Drugs prescribed generically but only available as a proprietary product\nClass 3 - Drugs prescribed and dispensed by proprietary brand name\nClass 4 - Dressings and appliances"
          },
          {
            "name": "dispensedItems",
            "title": "Dispensed items",
            "type": "string",
            "description": "The number prescription items dispensed. 'Items' is the number of times a product appears on a prescription form. Prescription forms include both paper prescriptions and electronic messages."
          },
          {
            "name": "class2Items",
            "title": "Of which class 2 items",
            "type": "string",
            "description": "Of which class 2 items' is the number of 'Dispensed items' that have been apportioned to the listed presentation that were prescribed generically."
          },
          {
            "name": "quantity",
            "title": "Total quantity",
            "type": "number",
            "description": "The total quantity of a drug or appliance that was prescribed. This is calculated by multiplying Quantity by Items. For example, if 2 items of Paracetamol 500mg tablets with a quantity of 28 were prescribed, the total quantity will be 56."
          },
          {
            "name": "netIngredientCost",
            "title": "Total cost",
            "type": "number",
            "description": "Total cost is the amount that would be paid using the basic price of the prescribed drug or appliance and the quantity prescribed. Sometimes called the 'Net Ingredient Cost' (NIC). The basic price is given either in the Drug Tariff or is determined from prices published by manufacturers, wholesalers or suppliers. Basic price is set out in Parts 8 and 9 of the Drug Tariff. For any drugs or appliances not in Part 8, the price is usually taken from the manufacturer, wholesaler or supplier of the product. This is given in GBP."
          },
          {
            "name": "nicPerItem",
            "title": "Cost per item",
            "type": "number",
            "description": "Cost per item is calculated by dividing the 'Total cost' by the number of 'Dispensed items'."
          },
          {
            "name": "nicPerQuantity",
            "title": "Cost per quantity",
            "type": "number",
            "description": "Cost per quantity is calculated by dividing the 'Total cost' by the 'Total quantity'."
          },
          {
            "name": "quantityPerItem",
            "title": "Quantity per item",
            "type": "number",
            "description": "Quantity per item is calculated by dividing the 'Total quantity' by the number of 'Dispensed items'."
          }
        ]
      }
    }
  ]
}