{
  "name": "datopian-test",
  "provider": "gcs",
  "bucket": "datopian-test",
  "resources": [
    {
      "name": "EPD_201905.csv",
      "path": "community_prescribing_dispensing/english-prescribing-data-epd/02157f974bc389fec586e4173768ce3c11e0a4a5c059d24f5bb7065490ea30bc",
      "bytes": 6388972369
    },
    {
      "name": "EPD_201909.csv",
      "path": "community_prescribing_dispensing/english-prescribing-data-epd/04ef94c39336830e7929aa99f12a90295f3fdb7cf6141ba8093bb1b04eef8601",
      "bytes": 6209182387
    },
    {
      "name": "EPD_201707.csv",
      "path": "community_prescribing_dispensing/english-prescribing-data-epd/0647754fa2743d7eded3436b270f9046e2023ca4a66bca88219d2dfa5eda9235",
      "bytes": 6542820179
    },
    {
      "name": "EPD_201501.csv",
      "path": "community_prescribing_dispensing/english-prescribing-data-epd/0651a7100acc0156d6f417675364cc093b36fab97e6a078edd8383bbf051eed4",
      "bytes": 6594120197
    },
    {
      "name": "EPD_201908.csv",
      "path": "community_prescribing_dispensing/english-prescribing-data-epd/06cf7b98e60feb16ac02357d09488276c5e2115bb6db63fcb8116c7cb271d0d5",
      "bytes": 6318711379
    },
    {
      "name": "EPD_202007.csv",
      "path": "community_prescribing_dispensing/english-prescribing-data-epd/087e864046e2bc4424480a544c2a884321069d7614ed340660d311a365d673e0",
      "bytes": 6131440893
    },
    {
      "name": "EPD_201911.csv",
      "path": "community_prescribing_dispensing/english-prescribing-data-epd/095326bc37ff57cb8b26cf39694f05c532ab0dcb864518779157c941666c9e0d",
      "bytes": 6244277077
    },
    {
      "name": "EPD_201904.csv",
      "path": "community_prescribing_dispensing/english-prescribing-data-epd/0a32d19fadce48273b84f943d859c3a1f8371f0a8e7be37737d773b752758a2c",
      "bytes": 6207764069
    },
    {
      "name": "EPD_201509.csv",
      "path": "community_prescribing_dispensing/english-prescribing-data-epd/0cc943be4b9e0288ed45eed555ab69a994c9f2694171d9914b449768b3d0ed3b",
      "bytes": 6597224995
    },
    {
      "name": "EPD_201401.csv",
      "path": "community_prescribing_dispensing/english-prescribing-data-epd/128be1417f7037bd6e2c265ecb979e0335b470b90a1caaeb52f3ff6fc35fc9d9",
      "bytes": 6618466913
    },
    {
      "name": "EPD_202004.csv",
      "path": "community_prescribing_dispensing/english-prescribing-data-epd/154e14f31edb258bc95edf0d5cab10332f2b69b64bc668f422201541d871c426",
      "bytes": 6099740175
    },
    {
      "name": "EPD_201712.csv",
      "path": "community_prescribing_dispensing/english-prescribing-data-epd/1dce8f58d6534716eb7260c17f17fc2c227a6f12a7f2001050c6793bfb464f5d",
      "bytes": 6442270750
    },
    {
      "name": "EPD_201602.csv",
      "path": "community_prescribing_dispensing/english-prescribing-data-epd/2178d6534454520c8a082e53456f2e02eeb3f9cc15b6f23d4b1af7edf213126f",
      "bytes": 6499299181
    },
    {
      "name": "EPD_201910.csv",
      "path": "community_prescribing_dispensing/english-prescribing-data-epd/231aab1597a13d8c93632114cdd2d3c8eb15f098005c3eff8ca037c8be37132e",
      "bytes": 6374024075
    },
    {
      "name": "EPD_201804.csv",
      "path": "community_prescribing_dispensing/english-prescribing-data-epd/2491960227855c5e032d81f373768e70ce190c59936c19ff624d932cbd5b1441",
      "bytes": 6382874478
    },
    {
      "name": "EPD_201604.csv",
      "path": "community_prescribing_dispensing/english-prescribing-data-epd/27f290ea10aa43bb1886c192a91b2f65e0581309c1d695cd52975453d9837454",
      "bytes": 6672815819
    },
    {
      "name": "EPD_201502.csv",
      "path": "community_prescribing_dispensing/english-prescribing-data-epd/29da8c99f1cca4dca4c2ffc1d3e9d6a1f20bedac89ce4c71826f099fdfe3318d",
      "bytes": 6358395221
    },
    {
      "name": "EPD_201505.csv",
      "path": "community_prescribing_dispensing/english-prescribing-data-epd/2e31a2e6a405dcc582dbc58b463f4cb9e99f45aad9dc4cb0b90c4fdbc3681edc",
      "bytes": 6495830210
    },
    {
      "name": "EPD_201806.csv",
      "path": "community_prescribing_dispensing/english-prescribing-data-epd/2f6cd7485e1f1502391134b9782774febf5fe79ca0225636d5ee0d2fc13f8f03",
      "bytes": 6423448332
    },
    {
      "name": "EPD_201906.csv",
      "path": "community_prescribing_dispensing/english-prescribing-data-epd/3420736311476212e1e7aa9f2de979ba1fab6689fcaf5704a2c78f5dd0b7e108",
      "bytes": 6210858469
    },
    {
      "name": "EPD_201903.csv",
      "path": "community_prescribing_dispensing/english-prescribing-data-epd/352d0ca9f112f0439e31192d97e5fbf9ea12b115f66f1babdf8f4685480db837",
      "bytes": 6356547665
    },
    {
      "name": "EPD_201609.csv",
      "path": "community_prescribing_dispensing/english-prescribing-data-epd/38b22021cc98583e4373374d22be29f180bdefa4bc0463e7e34c68c28e285dd9",
      "bytes": 6623735176
    },
    {
      "name": "EPD_201403.csv",
      "path": "community_prescribing_dispensing/english-prescribing-data-epd/3bdea980447e40556426451b0cbd0663c5001e27ad31e207f0860f12e4ab0ffe",
      "bytes": 6566143868
    },
    {
      "name": "EPD_201603.csv",
      "path": "community_prescribing_dispensing/english-prescribing-data-epd/3d127b9f14537ebbd94353695b29ec52e67c34a43d066ee3a089d2b4fae88746",
      "bytes": 6605242825
    },
    {
      "name": "EPD_202003.csv",
      "path": "community_prescribing_dispensing/english-prescribing-data-epd/3de90a47c4d72d35895a28e70de27bc13d400580d3426cf6a8951e5c84383f18",
      "bytes": 6417737367
    },
    {
      "name": "EPD_201705.csv",
      "path": "community_prescribing_dispensing/english-prescribing-data-epd/3febd80ac5e67e97afa64cd4d1a69d033fc759d87c5a32596b7ff832d4600cfd",
      "bytes": 6612163703
    },
    {
      "name": "EPD_201805.csv",
      "path": "community_prescribing_dispensing/english-prescribing-data-epd/403e881f17a736e847deb76c088b5be89fb54f3fe0a2a69179b515b2aecd6dbd",
      "bytes": 6478199325
    },
    {
      "name": "EPD_201410.csv",
      "path": "community_prescribing_dispensing/english-prescribing-data-epd/4747eda4969d061f350435dfd02f9f445e467f9557d2f428842e5d9284deea8a",
      "bytes": 6696235007
    },
    {
      "name": "EPD_201702.csv",
      "path": "community_prescribing_dispensing/english-prescribing-data-epd/53da7f094568e0c0ae1f1beeb4d9ab7b836e0cbcd79c7b1974aad56f57f78f84",
      "bytes": 6334135131
    },
    {
      "name": "EPD_201710.csv",
      "path": "community_prescribing_dispensing/english-prescribing-data-epd/564123b7ad10439dbcd3c50000ef2019ccf301ecc9f4f091ca366ded9d2334d6",
      "bytes": 6511278231
    },
    {
      "name": "EPD_201607.csv",
      "path": "community_prescribing_dispensing/english-prescribing-data-epd/56aeeced0b21d8a3916a8cda4edff642e3a9a3ce72b95f724e2bce5ad895d866",
      "bytes": 6618266986
    },
    {
      "name": "EPD_201907.csv",
      "path": "community_prescribing_dispensing/english-prescribing-data-epd/5d2d385a653bde5973d7b3142aacfdb0c1214af5f925e0448f620253ac7c13c6",
      "bytes": 6276975472
    },
    {
      "name": "EPD_201601.csv",
      "path": "community_prescribing_dispensing/english-prescribing-data-epd/5df97ba838edd39271476636af188cf4cbc6c31237c01a2ea79dc9f6a6167830",
      "bytes": 6502438061
    },
    {
      "name": "EPD_201801.csv",
      "path": "community_prescribing_dispensing/english-prescribing-data-epd/5e68bdd3d1966aeeba6b7fe60707059078f6b3628a7ca3069156f88fccadf664",
      "bytes": 6536042293
    },
    {
      "name": "EPD_201803.csv",
      "path": "community_prescribing_dispensing/english-prescribing-data-epd/5f413dfce7116d26af70763f61e2239f6e6bd56f4efb46651890ed71fdb0b81f",
      "bytes": 6471810879
    },
    {
      "name": "EPD_201912.csv",
      "path": "community_prescribing_dispensing/english-prescribing-data-epd/5f6f40b88a6d450c69475b570bb881a669fe0587611d806529c2f4b8ed44d705",
      "bytes": 6222669378
    },
    {
      "name": "EPD_202001.csv",
      "path": "community_prescribing_dispensing/english-prescribing-data-epd/64334c7e57d6bbf0b1c05b0991d133312eb7941d5a39f01fc5778fe7abab4745",
      "bytes": 6331817083
    },
    {
      "name": "EPD_201704.csv",
      "path": "community_prescribing_dispensing/english-prescribing-data-epd/66cd0faa2bab16ce58e2d57fcff1d2a2638ac33f0e675948a9f8070f96c424ee",
      "bytes": 6332983079
    },
    {
      "name": "EPD_201412.csv",
      "path": "community_prescribing_dispensing/english-prescribing-data-epd/6d34e549877029e81661a8c5c3c087daf4561a70b4d43dcdee0dd2f95f457258",
      "bytes": 6692396040
    },
    {
      "name": "EPD_201810.csv",
      "path": "community_prescribing_dispensing/english-prescribing-data-epd/6f9c3dac83b8583043831c742024178755eff69c596b686d151d2883fa407980",
      "bytes": 6461515217
    },
    {
      "name": "EPD_201703.csv",
      "path": "community_prescribing_dispensing/english-prescribing-data-epd/6fba800a340bede2b955bdde1e07c06eeb395b4be1a42ffa8f7d124008b46b88",
      "bytes": 6738062550
    },
    {
      "name": "EPD_201711.csv",
      "path": "community_prescribing_dispensing/english-prescribing-data-epd/7278dc9ebdff369fcd15e6a08c353cf816a1c61b1de678288508bf6b991f5f32",
      "bytes": 6539892557
    },
    {
      "name": "EPD_201606.csv",
      "path": "community_prescribing_dispensing/english-prescribing-data-epd/74b6b2c6aff8624687877727bd90adf62effaf374156050e16ede182ccea9a3b",
      "bytes": 6681070244
    },
    {
      "name": "EPD_201701.csv",
      "path": "community_prescribing_dispensing/english-prescribing-data-epd/75aecc77844456f7ce68be273ebfd6bbfd0cfe94baa5f48a37f3f77ed0fcc95a",
      "bytes": 6528466025
    },
    {
      "name": "EPD_201512.csv",
      "path": "community_prescribing_dispensing/english-prescribing-data-epd/7623051e0c241730ab6a1b33a7ee5d117d9af885eddc3e3a3b862bb47aadc904",
      "bytes": 6730489936
    },
    {
      "name": "EPD_202002.csv",
      "path": "community_prescribing_dispensing/english-prescribing-data-epd/7931bfeccc33f06273715a0ef32507a165b0ff049f7ac95e0eb4e5a0f4954ea8",
      "bytes": 6085383779
    },
    {
      "name": "EPD_201812.csv",
      "path": "community_prescribing_dispensing/english-prescribing-data-epd/7eb150e4832f71c9b609b597842012a8e3d0cd664643cd91fed4c392e46fc7de",
      "bytes": 6289709861
    },
    {
      "name": "EPD_202008.csv",
      "path": "community_prescribing_dispensing/english-prescribing-data-epd/8423933ea129f8d7a8409ab7388367c9cdc6008a073e8fe0089c98f2bb797cd5",
      "bytes": 5886184853
    },
    {
      "name": "EPD_201407.csv",
      "path": "community_prescribing_dispensing/english-prescribing-data-epd/96d08e0f09c77cbd708d334cd3b79b33a49779be7e15921d99eb04ee399e8801",
      "bytes": 6716455432
    },
    {
      "name": "EPD_201411.csv",
      "path": "community_prescribing_dispensing/english-prescribing-data-epd/97ce4ed30d3b16b5f5959fe3426c0ac2210d1672d28bd5d9944d6a5c3c554627",
      "bytes": 6428822520
    },
    {
      "name": "EPD_201506.csv",
      "path": "community_prescribing_dispensing/english-prescribing-data-epd/9c5c6bbc7f9ebddcbc4269b566374be9de5f85261f0bb02283cb0c4ed66d74f1",
      "bytes": 6665220150
    },
    {
      "name": "EPD_201811.csv",
      "path": "community_prescribing_dispensing/english-prescribing-data-epd/aa33d1407888c432d622dbebd78909b2c15ab5c86c072559f8db3170b295d01b",
      "bytes": 6384312746
    },
    {
      "name": "EPD_201608.csv",
      "path": "community_prescribing_dispensing/english-prescribing-data-epd/ac9d1db1c10ce05eaad2a77ecedb285d6df473c86070e4dcba338a2cf869cc1d",
      "bytes": 6571000457
    },
    {
      "name": "EPD_202005.csv",
      "path": "community_prescribing_dispensing/english-prescribing-data-epd/b761fa425d38fca8638877a698f92296010e2d09e1a15a11c624ea39a5b54020",
      "bytes": 5949895844
    },
    {
      "name": "EPD_201708.csv",
      "path": "community_prescribing_dispensing/english-prescribing-data-epd/bef83ee1acdc631150a6b3ac7e2d47ffabe4b56ca29120ceb772e4b69ca0767d",
      "bytes": 6498314655
    },
    {
      "name": "EPD_201605.csv",
      "path": "community_prescribing_dispensing/english-prescribing-data-epd/bff2dd591d6cb19dd2276799777a7b4f9b79b61f06b4d571d10abe60572e67a8",
      "bytes": 6560464349
    },
    {
      "name": "EPD_201709.csv",
      "path": "community_prescribing_dispensing/english-prescribing-data-epd/c7c5c119e719ac747cfc46b20b1e65c28546b7fa34f46e7ab0585f155dc92933",
      "bytes": 6461136817
    },
    {
      "name": "EPD_201508.csv",
      "path": "community_prescribing_dispensing/english-prescribing-data-epd/cc19863b55427742475cf483dfbd4da93589a0dc6ea54a679c41d6290800861e",
      "bytes": 6396347778
    },
    {
      "name": "EPD_201802.csv",
      "path": "community_prescribing_dispensing/english-prescribing-data-epd/cc2aaff1091abb7e7d750aafeea9122d27008819dc0675137d385fe7ccd70745",
      "bytes": 6230694243
    },
    {
      "name": "EPD_201809.csv",
      "path": "community_prescribing_dispensing/english-prescribing-data-epd/cdbb412d16be3583a8eb311b786cabc81cd9c03880b12ecf3c10dbf018f0dd5a",
      "bytes": 6248058372
    },
    {
      "name": "EPD_201404.csv",
      "path": "community_prescribing_dispensing/english-prescribing-data-epd/cf63b3002935f964a50749e25902d28bb95dc81d8b10dbfcd9a6e66db1b48d2c",
      "bytes": 6501875269
    },
    {
      "name": "EPD_201402.csv",
      "path": "community_prescribing_dispensing/english-prescribing-data-epd/d0298f3566992dcfb2496b71e459bb5b345255e79477fde2257dfd11122b8a9f",
      "bytes": 6338104373
    },
    {
      "name": "EPD_202006.csv",
      "path": "community_prescribing_dispensing/english-prescribing-data-epd/d2ec4dabd525987a976c12e935fc57ccf93cc934d250856ee6c85dcc8704be61",
      "bytes": 6049794510
    },
    {
      "name": "EPD_201507.csv",
      "path": "community_prescribing_dispensing/english-prescribing-data-epd/d488924361926a02642cba674986d23ae6d6c8241c9b287c69a39a854b4d8f33",
      "bytes": 6743928591
    },
    {
      "name": "EPD_201510.csv",
      "path": "community_prescribing_dispensing/english-prescribing-data-epd/db19930c4e433b51f44f0e2973c3407f31107e4b04d734187913652ec9190f6a",
      "bytes": 6623164672
    },
    {
      "name": "EPD_201408.csv",
      "path": "community_prescribing_dispensing/english-prescribing-data-epd/dd7e4abcba6c25b7faa09d60ff76de934d7c1bb7f443086861112cd047ebac5c",
      "bytes": 6429919266
    },
    {
      "name": "EPD_201409.csv",
      "path": "community_prescribing_dispensing/english-prescribing-data-epd/e0a0dd537958d39f8ef22fe70ccbd4f55b52024d6650d607a692146cf76bb333",
      "bytes": 6609235306
    },
    {
      "name": "EPD_201901.csv",
      "path": "community_prescribing_dispensing/english-prescribing-data-epd/e0dd60edfc06b378e42f81636bcf8342dfcbd680933cd34ff74060bf9e25bc59",
      "bytes": 6427424177
    },
    {
      "name": "EPD_201504.csv",
      "path": "community_prescribing_dispensing/english-prescribing-data-epd/e0f2d3b39b661305ef1284ae8d33a03213cadf9453b20f3a34c29aa4782a5390",
      "bytes": 6543173675
    },
    {
      "name": "EPD_202009.csv",
      "path": "community_prescribing_dispensing/english-prescribing-data-epd/e1417123ac0b4a8fcb05166cb953b8bb296c5c789a44696dc985508f17366211",
      "bytes": 6123004378
    },
    {
      "name": "EPD_201807.csv",
      "path": "community_prescribing_dispensing/english-prescribing-data-epd/e18effe26d416ae478b83a2b9c0bd93fe41fa70666032a44125f2e1a46c2f009",
      "bytes": 6417753871
    },
    {
      "name": "EPD_201706.csv",
      "path": "community_prescribing_dispensing/english-prescribing-data-epd/e3b694f53b44b8bc6217c040686a6e1d634072e687652085100dc2b573af704e",
      "bytes": 6638594754
    },
    {
      "name": "EPD_201610.csv",
      "path": "community_prescribing_dispensing/english-prescribing-data-epd/e452f7bc363757fccb4d653024fe22217ac3289073c710cd91af96a621182554",
      "bytes": 6533503277
    },
    {
      "name": "EPD_201808.csv",
      "path": "community_prescribing_dispensing/english-prescribing-data-epd/e6e7cd518f40a01ba8f9c333ba6f53723fc19df513a9290eacde71f9c401562a",
      "bytes": 6389727634
    },
    {
      "name": "EPD_201511.csv",
      "path": "community_prescribing_dispensing/english-prescribing-data-epd/ea104b8dc0aee866066f935765938b784cdb5eeacdfdd877cc919bed4810d24d",
      "bytes": 6518260183
    },
    {
      "name": "EPD_201503.csv",
      "path": "community_prescribing_dispensing/english-prescribing-data-epd/ea94c087a1e9ac1b623f768d2b0f1d59a373d13301d34c1d4463eeb2f4c8a708",
      "bytes": 6637891257
    },
    {
      "name": "EPD_201406.csv",
      "path": "community_prescribing_dispensing/english-prescribing-data-epd/ebf6e3ca2a88953155c4e9e271d43cb84229d66bef78ec7c6fef882355e31c0f",
      "bytes": 6566226507
    },
    {
      "name": "EPD_201612.csv",
      "path": "community_prescribing_dispensing/english-prescribing-data-epd/ef1b5c5888ab85af92ce09d878459074c7aba400851429b7801b6a9d25590526",
      "bytes": 6632344885
    },
    {
      "name": "EPD_201902.csv",
      "path": "community_prescribing_dispensing/english-prescribing-data-epd/f0af2af7f7f5122e5861465b5bb246981b31955fb01048c7e8bc3530728099ee",
      "bytes": 6127038320
    },
    {
      "name": "EPD_201405.csv",
      "path": "community_prescribing_dispensing/english-prescribing-data-epd/f70e2e94065a81552729d9db0ab1fde25be30ec189caeb42d8c5795e430b74fc",
      "bytes": 6623562645
    },
    {
      "name": "EPD_201611.csv",
      "path": "community_prescribing_dispensing/english-prescribing-data-epd/ffdc7e3375dab6611e53b8f85cc2628b7e22ac9f2652d2a9e428077c1e5800a6",
      "bytes": 6637600310
    }
  ]
}