{
  "name": "english-prescribing-data-epd",
  "owner_org": "community_prescribing_dispensing",
  "tableschema": {
    "fields": [
      {
        "name": "YEAR_MONTH",
        "title": "Year and Month as YYYYMM",
        "type": "integer",
        "description": "Example: `201401`"
      },
      {
        "name": "REGIONAL_OFFICE_NAME",
        "title": "Regional Office Name",
        "type": "string",
        "description": "The name given to a geographical region by NHS England. Each region supports local systems to provide more joined up and care for patients."
      },
      {
        "name": "REGIONAL_OFFICE_CODE",
        "title": "Regional Office Code",
        "type": "string",
        "description": "The unique code used to refer to a Regional Office."
      },
      {
        "name": "AREA_TEAM_NAME",
        "title": "Area Team Name",
        "type": "string",
        "description": "The name given to a geographical area by NHS England that is a smaller division of a Regional Office. (This column is only present in data from Jan 2014 to Mar 2020)"
      },
      {
        "name": "AREA_TEAM_CODE",
        "title": "Area Team Code",
        "type": "string",
        "description": "The unique code used to refer to an Area Team. (This column is only present in data from Jan 2014 to Mar 2020)"
      },
      {
        "name": "STP_NAME",
        "title": "Area Team Name",
        "type": "string",
        "description": "The name given to a geographical area by NHS England that is a smaller division of a Region.  STP stands for Sustainability and Transformation Partnership"
      },
      {
        "name": "STP_CODE",
        "title": "Area Team Code",
        "type": "string",
        "description": "The unique code used to refer to an STP. STP stands for Sustainability and Transformation Partnership."
      },
      {
        "name": "PCO_NAME",
        "title": "Primary Care Organisation Name",
        "type": "string",
        "description": "An NHS organisation that commissions or provides care services involving prescriptions that are dispensed in the community. \n\nFor example: a Clinical Commissioning Group (CCG), an NHS Trust."
      },
      {
        "name": "PCO_CODE",
        "title": "Primary Care Organisation Code",
        "type": "string",
        "description": "The unique code used to refer to a Primary Care Organisation."
      },
      {
        "name": "PRACTICE_NAME",
        "title": "Practice Name ",
        "type": "string",
        "description": "The name of an organisation that employs one or more prescribers who issue prescriptions that may be dispensed in the community. For example:\na GP Practice, an Out-of-Hours service, a hospital department within an NHS Trust."
      },
      {
        "name": "PRACTICE_CODE",
        "title": "Practice Code",
        "type": "string",
        "description": "The unique code used to refer to a Practice."
      },
      {
        "name": "ADDRESS_1",
        "title": "Address Field 1",
        "type": "string",
        "description": "The Address used by a Practice. This data is supplied by Primary Care Support England (PSCE), NHS England Area Teams or the Clinical Commissioning Group, whenever a new practice is opened or if a change of details is required.\n\nThis data is supplied by Primary Care Support England (PSCE), NHS England Area Teams or the Clinical Commissioning Group, whenever a new practice is opened or if a change of details is required."
      },
      {
        "name": "ADDRESS_2",
        "title": "Address Field 2",
        "type": "string",
        "description": "The Address used by a Practice. This data is supplied by Primary Care Support England (PSCE), NHS England Area Teams or the Clinical Commissioning Group, whenever a new practice is opened or if a change of details is required.\n\nThis data is supplied by Primary Care Support England (PSCE), NHS England Area Teams or the Clinical Commissioning Group, whenever a new practice is opened or if a change of details is required."
      },
      {
        "name": "ADDRESS_3",
        "title": "Address Field 3",
        "type": "string",
        "description": "The Address used by a Practice. This data is supplied by Primary Care Support England (PSCE), NHS England Area Teams or the Clinical Commissioning Group, whenever a new practice is opened or if a change of details is required.\n\nThis data is supplied by Primary Care Support England (PSCE), NHS England Area Teams or the Clinical Commissioning Group, whenever a new practice is opened or if a change of details is required."
      },
      {
        "name": "ADDRESS_4",
        "title": "Address Field 4",
        "type": "string",
        "description": "The Address used by a Practice. This data is supplied by Primary Care Support England (PSCE), NHS England Area Teams or the Clinical Commissioning Group, whenever a new practice is opened or if a change of details is required.\n\nThis data is supplied by Primary Care Support England (PSCE), NHS England Area Teams or the Clinical Commissioning Group, whenever a new practice is opened or if a change of details is required."
      },
      {
        "name": "POSTCODE",
        "title": "Post Code",
        "type": "string",
        "description": "The Address used by a Practice. This data is supplied by Primary Care Support England (PSCE), NHS England Area Teams or the Clinical Commissioning Group, whenever a new practice is opened or if a change of details is required.\n\nThis data is supplied by Primary Care Support England (PSCE), NHS England Area Teams or the Clinical Commissioning Group, whenever a new practice is opened or if a change of details is required."
      },
      {
        "name": "BNF_CHEMICAL_SUBSTANCE",
        "title": " British National Formulatory (BNF) Chemical Substance Code",
        "type": "string",
        "description": "A unique code used to refer to a BNF Chemical Substance.\n\nFor example, `0501013B0`"
      },
      {
        "name": "CHEMICAL_SUBSTANCE_BNF_DESCR",
        "title": " British National Formulatory (BNF) Chemical Substance Description",
        "type": "string",
        "description": "The name of the main active ingredient in a drug or the type of an appliance. \n\nDetermined by the British National Formulatory (BNF) for drugs, or the NHS BSA for appliances. For example, `Amoxicillin`"
      },
      {
        "name": "BNF_CODE",
        "title": " British National Formulatory (BNF) Code",
        "type": "string",
        "description": "The unique code used to refer to a BNF Presentation. For example, `0501013B0AAABAB`"
      },
      {
        "name": "BNF_DESCRIPTION",
        "title": " British National Formulatory (BNF) Description",
        "type": "string",
        "description": "The name given to the specific type, strength, and formulation of a drug; or, the specific type of an appliance. For example, `Amoxicillin 500mg` capsules"
      },
      {
        "name": "BNF_CHAPTER_PLUS_CODE",
        "title": "British National Formulatory (BNF) Description",
        "type": "string",
        "description": "The name given to a British National Formulatory (BNF) Chapter that includes the prescribed product. Includes the numerical code used to refer to the chapter.\n\nFor example, `05: Infections`"
      },
      {
        "name": "QUANTITY",
        "title": "Quantity",
        "type": "number",
        "description": "The quantity of a medicine, dressing or appliance for which an individual item was prescribed and dispensed, for each BNF Presentation. This represents a pseudo pack size, to illustrate the typical range of prescribed quantities of a given presentation. For example, a quantity of 28 for `Amoxicillin 500mg` capsules means that the pack size dispensed was 28 capsules."
      },
      {
        "name": "ITEMS",
        "title": "Items",
        "type": "integer",
        "description": "The number of times a product appears on a prescription form. Prescription forms include both paper prescriptions and electronic messages."
      },
      {
        "name": "TOTAL_QUANTITY",
        "title": "Total Quantity",
        "type": "number",
        "description": "The total quantity of a drug or appliance that was prescribed.\n\nThis is calculated by multiplying Quantity by Items. For example, if 2 items of `Amoxicillin 500mg` capsules with a quantity of 28 were prescribed, total quantity will be 56."
      },
      {
        "name": "ADQUSAGE",
        "title": "Average Daily Quantity (ADQ) ",
        "type": "number",
        "description": "Average Daily Quantity (ADQ) is the typical daily dose of a medication, prescribed to adult patients by GP Practices.\n\nThis field shows the quantity prescribed multiplied by the strength, which is then divided by the Average Daily Quantity value."
      },
      {
        "name": "NIC",
        "title": "Net Ingredient Cost (NIC)",
        "type": "number",
        "description": "The amount that would be paid using the basic price of the prescribed drug or appliance and the quantity prescribed.\n\nSometimes called the 'Net Ingredient Cost' (NIC).\n\nThe basic price is given either in the Drug Tariff or is determined from prices published by manufacturers, wholesalers or suppliers. Basic price is set out in Parts 8 and 9 of the Drug Tariff. \n\nFor any drugs or appliances not in Part 8, the price is usually taken from the manufacturer, wholesaler or supplier of the product."
      },
      {
        "name": "ACTUAL_COST",
        "title": "Actual Cost ",
        "type": "number",
        "description": "The basic cost after adjustment for the national average discount and some payments to the dispenser.\n\nSee notes for details of the calculation. The calculation is:\n\nNet Ingredient Cost - National Average Discount Percentage + (payment for consumables + out of pocket expenses + payment for containers)"
      },
      {
        "name": "UNIDENTIFIED",
        "title": "Unidentified",
        "type": "boolean",
        "description": "This field shows data from prescription forms that could not be allocated to a Practice. Please see the guidance notes for a more detailed explanation of this field, and its uses."
      }
    ]
  },
  "resources": [
    {
      "name": "EPD_201401",
      "path": "https://storage.googleapis.com/datopian-nhs/csv/EPD_201401.csv",
      "bytes": 6618466913,
      "title": "English Prescribing Dataset (EPD) - Jan 2014",
      "format": "csv",
      "mediatype": "text/csv",
      "zip_bytes": 531278716,
      "zip_name": "EPD_201401.zip",
      "zip_title": "EPD 201401.zip",
      "zip_url": "https://storage.googleapis.com/datopian-nhs/DATOPIAN_DATA/EPD_201401.zip",
      "zip_format": "zip",
      "bq_table_name": "EPD_201401",
      "bq_table_id": "bigquerytest-271707.nhs_production.EPD_201401"
    },
    {
      "name": "EPD_201402",
      "path": "https://storage.googleapis.com/datopian-nhs/csv/EPD_201402.csv",
      "bytes": 6338104373,
      "title": "English Prescribing Dataset (EPD) - Feb 2014",
      "format": "csv",
      "mediatype": "text/csv",
      "zip_bytes": 508847420,
      "zip_name": "EPD_201402.zip",
      "zip_title": "EPD 201402.zip",
      "zip_url": "https://storage.googleapis.com/datopian-nhs/DATOPIAN_DATA/EPD_201402.zip",
      "zip_format": "zip",
      "bq_table_name": "EPD_201402",
      "bq_table_id": "bigquerytest-271707.nhs_production.EPD_201402"
    },
    {
      "name": "EPD_201403",
      "path": "https://storage.googleapis.com/datopian-nhs/csv/EPD_201403.csv",
      "bytes": 6566143868,
      "title": "English Prescribing Dataset (EPD) - Mar 2014",
      "format": "csv",
      "mediatype": "text/csv",
      "zip_bytes": 526993785,
      "zip_name": "EPD_201403.zip",
      "zip_title": "EPD 201403.zip",
      "zip_url": "https://storage.googleapis.com/datopian-nhs/DATOPIAN_DATA/EPD_201403.zip",
      "zip_format": "zip",
      "bq_table_name": "EPD_201403",
      "bq_table_id": "bigquerytest-271707.nhs_production.EPD_201403"
    },
    {
      "name": "EPD_201404",
      "path": "https://storage.googleapis.com/datopian-nhs/csv/EPD_201404.csv",
      "bytes": 6501875269,
      "title": "English Prescribing Dataset (EPD) - Apr 2014",
      "format": "csv",
      "mediatype": "text/csv",
      "zip_bytes": 521574620,
      "zip_name": "EPD_201404.zip",
      "zip_title": "EPD 201404.zip",
      "zip_url": "https://storage.googleapis.com/datopian-nhs/DATOPIAN_DATA/EPD_201404.zip",
      "zip_format": "zip",
      "bq_table_name": "EPD_201404",
      "bq_table_id": "bigquerytest-271707.nhs_production.EPD_201404"
    },
    {
      "name": "EPD_201405",
      "path": "https://storage.googleapis.com/datopian-nhs/csv/EPD_201405.csv",
      "bytes": 6623562645,
      "title": "English Prescribing Dataset (EPD) - May 2014",
      "format": "csv",
      "mediatype": "text/csv",
      "zip_bytes": 529941368,
      "zip_name": "EPD_201405.zip",
      "zip_title": "EPD 201405.zip",
      "zip_url": "https://storage.googleapis.com/datopian-nhs/DATOPIAN_DATA/EPD_201405.zip",
      "zip_format": "zip",
      "bq_table_name": "EPD_201405",
      "bq_table_id": "bigquerytest-271707.nhs_production.EPD_201405"
    },
    {
      "name": "EPD_201406",
      "path": "https://storage.googleapis.com/datopian-nhs/csv/EPD_201406.csv",
      "bytes": 6566226507,
      "title": "English Prescribing Dataset (EPD) - Jun 2014",
      "format": "csv",
      "mediatype": "text/csv",
      "zip_bytes": 526716936,
      "zip_name": "EPD_201406.zip",
      "zip_title": "EPD 201406.zip",
      "zip_url": "https://storage.googleapis.com/datopian-nhs/DATOPIAN_DATA/EPD_201406.zip",
      "zip_format": "zip",
      "bq_table_name": "EPD_201406",
      "bq_table_id": "bigquerytest-271707.nhs_production.EPD_201406"
    },
    {
      "name": "EPD_201407",
      "path": "https://storage.googleapis.com/datopian-nhs/csv/EPD_201407.csv",
      "bytes": 6716455432,
      "title": "English Prescribing Dataset (EPD) - Jul 2014",
      "format": "csv",
      "mediatype": "text/csv",
      "zip_bytes": 538995130,
      "zip_name": "EPD_201407.zip",
      "zip_title": "EPD 201407.zip",
      "zip_url": "https://storage.googleapis.com/datopian-nhs/DATOPIAN_DATA/EPD_201407.zip",
      "zip_format": "zip",
      "bq_table_name": "EPD_201407",
      "bq_table_id": "bigquerytest-271707.nhs_production.EPD_201407"
    },
    {
      "name": "EPD_201408",
      "path": "https://storage.googleapis.com/datopian-nhs/csv/EPD_201408.csv",
      "bytes": 6429919266,
      "title": "English Prescribing Dataset (EPD) - Aug 2014",
      "format": "csv",
      "mediatype": "text/csv",
      "zip_bytes": 516010877,
      "zip_name": "EPD_201408.zip",
      "zip_title": "EPD 201408.zip",
      "zip_url": "https://storage.googleapis.com/datopian-nhs/DATOPIAN_DATA/EPD_201408.zip",
      "zip_format": "zip",
      "bq_table_name": "EPD_201408",
      "bq_table_id": "bigquerytest-271707.nhs_production.EPD_201408"
    },
    {
      "name": "EPD_201409",
      "path": "https://storage.googleapis.com/datopian-nhs/csv/EPD_201409.csv",
      "bytes": 6609235306,
      "title": "English Prescribing Dataset (EPD) - Sep 2014",
      "format": "csv",
      "mediatype": "text/csv",
      "zip_bytes": 530527842,
      "zip_name": "EPD_201409.zip",
      "zip_title": "EPD 201409.zip",
      "zip_url": "https://storage.googleapis.com/datopian-nhs/DATOPIAN_DATA/EPD_201409.zip",
      "zip_format": "zip",
      "bq_table_name": "EPD_201409",
      "bq_table_id": "bigquerytest-271707.nhs_production.EPD_201409"
    },
    {
      "name": "EPD_201410",
      "path": "https://storage.googleapis.com/datopian-nhs/csv/EPD_201410.csv",
      "bytes": 6696235007,
      "title": "English Prescribing Dataset (EPD) - Oct 2014",
      "format": "csv",
      "mediatype": "text/csv",
      "zip_bytes": 537747953,
      "zip_name": "EPD_201410.zip",
      "zip_title": "EPD 201410.zip",
      "zip_url": "https://storage.googleapis.com/datopian-nhs/DATOPIAN_DATA/EPD_201410.zip",
      "zip_format": "zip",
      "bq_table_name": "EPD_201410",
      "bq_table_id": "bigquerytest-271707.nhs_production.EPD_201410"
    },
    {
      "name": "EPD_201411",
      "path": "https://storage.googleapis.com/datopian-nhs/csv/EPD_201411.csv",
      "bytes": 6428822520,
      "title": "English Prescribing Dataset (EPD) - Nov 2014",
      "format": "csv",
      "mediatype": "text/csv",
      "zip_bytes": 516455939,
      "zip_name": "EPD_201411.zip",
      "zip_title": "EPD 201411.zip",
      "zip_url": "https://storage.googleapis.com/datopian-nhs/DATOPIAN_DATA/EPD_201411.zip",
      "zip_format": "zip",
      "bq_table_name": "EPD_201411",
      "bq_table_id": "bigquerytest-271707.nhs_production.EPD_201411"
    },
    {
      "name": "EPD_201412",
      "path": "https://storage.googleapis.com/datopian-nhs/csv/EPD_201412.csv",
      "bytes": 6692396040,
      "title": "English Prescribing Dataset (EPD) - Dec 2014",
      "format": "csv",
      "mediatype": "text/csv",
      "zip_bytes": 536940250,
      "zip_name": "EPD_201412.zip",
      "zip_title": "EPD 201412.zip",
      "zip_url": "https://storage.googleapis.com/datopian-nhs/DATOPIAN_DATA/EPD_201412.zip",
      "zip_format": "zip",
      "bq_table_name": "EPD_201412",
      "bq_table_id": "bigquerytest-271707.nhs_production.EPD_201412"
    },
    {
      "name": "EPD_201501",
      "path": "https://storage.googleapis.com/datopian-nhs/csv/EPD_201501.csv",
      "bytes": 6594120197,
      "title": "English Prescribing Dataset (EPD) - Jan 2015",
      "format": "csv",
      "mediatype": "text/csv",
      "zip_bytes": 529111249,
      "zip_name": "EPD_201501.zip",
      "zip_title": "EPD 201501.zip",
      "zip_url": "https://storage.googleapis.com/datopian-nhs/DATOPIAN_DATA/EPD_201501.zip",
      "zip_format": "zip",
      "bq_table_name": "EPD_201501",
      "bq_table_id": "bigquerytest-271707.nhs_production.EPD_201501"
    },
    {
      "name": "EPD_201502",
      "path": "https://storage.googleapis.com/datopian-nhs/csv/EPD_201502.csv",
      "bytes": 6358395221,
      "title": "English Prescribing Dataset (EPD) - Feb 2015",
      "format": "csv",
      "mediatype": "text/csv",
      "zip_bytes": 510720431,
      "zip_name": "EPD_201502.zip",
      "zip_title": "EPD 201502.zip",
      "zip_url": "https://storage.googleapis.com/datopian-nhs/DATOPIAN_DATA/EPD_201502.zip",
      "zip_format": "zip",
      "bq_table_name": "EPD_201502",
      "bq_table_id": "bigquerytest-271707.nhs_production.EPD_201502"
    },
    {
      "name": "EPD_201503",
      "path": "https://storage.googleapis.com/datopian-nhs/csv/EPD_201503.csv",
      "bytes": 6637891257,
      "title": "English Prescribing Dataset (EPD) - Mar 2015",
      "format": "csv",
      "mediatype": "text/csv",
      "zip_bytes": 532839240,
      "zip_name": "EPD_201503.zip",
      "zip_title": "EPD 201503.zip",
      "zip_url": "https://storage.googleapis.com/datopian-nhs/DATOPIAN_DATA/EPD_201503.zip",
      "zip_format": "zip",
      "bq_table_name": "EPD_201503",
      "bq_table_id": "bigquerytest-271707.nhs_production.EPD_201503"
    },
    {
      "name": "EPD_201504",
      "path": "https://storage.googleapis.com/datopian-nhs/csv/EPD_201504.csv",
      "bytes": 6543173675,
      "title": "English Prescribing Dataset (EPD) - Apr 2015",
      "format": "csv",
      "mediatype": "text/csv",
      "zip_bytes": 524867449,
      "zip_name": "EPD_201504.zip",
      "zip_title": "EPD 201504.zip",
      "zip_url": "https://storage.googleapis.com/datopian-nhs/DATOPIAN_DATA/EPD_201504.zip",
      "zip_format": "zip",
      "bq_table_name": "EPD_201504",
      "bq_table_id": "bigquerytest-271707.nhs_production.EPD_201504"
    },
    {
      "name": "EPD_201505",
      "path": "https://storage.googleapis.com/datopian-nhs/csv/EPD_201505.csv",
      "bytes": 6495830210,
      "title": "English Prescribing Dataset (EPD) - May 2015",
      "format": "csv",
      "mediatype": "text/csv",
      "zip_bytes": 520890871,
      "zip_name": "EPD_201505.zip",
      "zip_title": "EPD 201505.zip",
      "zip_url": "https://storage.googleapis.com/datopian-nhs/DATOPIAN_DATA/EPD_201505.zip",
      "zip_format": "zip",
      "bq_table_name": "EPD_201505",
      "bq_table_id": "bigquerytest-271707.nhs_production.EPD_201505"
    },
    {
      "name": "EPD_201506",
      "path": "https://storage.googleapis.com/datopian-nhs/csv/EPD_201506.csv",
      "bytes": 6665220150,
      "title": "English Prescribing Dataset (EPD) - Jun 2015",
      "format": "csv",
      "mediatype": "text/csv",
      "zip_bytes": 534419475,
      "zip_name": "EPD_201506.zip",
      "zip_title": "EPD 201506.zip",
      "zip_url": "https://storage.googleapis.com/datopian-nhs/DATOPIAN_DATA/EPD_201506.zip",
      "zip_format": "zip",
      "bq_table_name": "EPD_201506",
      "bq_table_id": "bigquerytest-271707.nhs_production.EPD_201506"
    },
    {
      "name": "EPD_201507",
      "path": "https://storage.googleapis.com/datopian-nhs/csv/EPD_201507.csv",
      "bytes": 6743928591,
      "title": "English Prescribing Dataset (EPD) - Jul 2015",
      "format": "csv",
      "mediatype": "text/csv",
      "zip_bytes": 540652556,
      "zip_name": "EPD_201507.zip",
      "zip_title": "EPD 201507.zip",
      "zip_url": "https://storage.googleapis.com/datopian-nhs/DATOPIAN_DATA/EPD_201507.zip",
      "zip_format": "zip",
      "bq_table_name": "EPD_201507",
      "bq_table_id": "bigquerytest-271707.nhs_production.EPD_201507"
    },
    {
      "name": "EPD_201508",
      "path": "https://storage.googleapis.com/datopian-nhs/csv/EPD_201508.csv",
      "bytes": 6396347778,
      "title": "English Prescribing Dataset (EPD) - Aug 2015",
      "format": "csv",
      "mediatype": "text/csv",
      "zip_bytes": 512849923,
      "zip_name": "EPD_201508.zip",
      "zip_title": "EPD 201508.zip",
      "zip_url": "https://storage.googleapis.com/datopian-nhs/DATOPIAN_DATA/EPD_201508.zip",
      "zip_format": "zip",
      "bq_table_name": "EPD_201508",
      "bq_table_id": "bigquerytest-271707.nhs_production.EPD_201508"
    },
    {
      "name": "EPD_201509",
      "path": "https://storage.googleapis.com/datopian-nhs/csv/EPD_201509.csv",
      "bytes": 6597224995,
      "title": "English Prescribing Dataset (EPD) - Sep 2015",
      "format": "csv",
      "mediatype": "text/csv",
      "zip_bytes": 529342411,
      "zip_name": "EPD_201509.zip",
      "zip_title": "EPD 201509.zip",
      "zip_url": "https://storage.googleapis.com/datopian-nhs/DATOPIAN_DATA/EPD_201509.zip",
      "zip_format": "zip",
      "bq_table_name": "EPD_201509",
      "bq_table_id": "bigquerytest-271707.nhs_production.EPD_201509"
    },
    {
      "name": "EPD_201510",
      "path": "https://storage.googleapis.com/datopian-nhs/csv/EPD_201510.csv",
      "bytes": 6623164672,
      "title": "English Prescribing Dataset (EPD) - Oct 2015",
      "format": "csv",
      "mediatype": "text/csv",
      "zip_bytes": 531440675,
      "zip_name": "EPD_201510.zip",
      "zip_title": "EPD 201510.zip",
      "zip_url": "https://storage.googleapis.com/datopian-nhs/DATOPIAN_DATA/EPD_201510.zip",
      "zip_format": "zip",
      "bq_table_name": "EPD_201510",
      "bq_table_id": "bigquerytest-271707.nhs_production.EPD_201510"
    },
    {
      "name": "EPD_201511",
      "path": "https://storage.googleapis.com/datopian-nhs/csv/EPD_201511.csv",
      "bytes": 6518260183,
      "title": "English Prescribing Dataset (EPD) - Nov 2015",
      "format": "csv",
      "mediatype": "text/csv",
      "zip_bytes": 523161374,
      "zip_name": "EPD_201511.zip",
      "zip_title": "EPD 201511.zip",
      "zip_url": "https://storage.googleapis.com/datopian-nhs/DATOPIAN_DATA/EPD_201511.zip",
      "zip_format": "zip",
      "bq_table_name": "EPD_201511",
      "bq_table_id": "bigquerytest-271707.nhs_production.EPD_201511"
    },
    {
      "name": "EPD_201512",
      "path": "https://storage.googleapis.com/datopian-nhs/csv/EPD_201512.csv",
      "bytes": 6730489936,
      "title": "English Prescribing Dataset (EPD) - Dec 2015",
      "format": "csv",
      "mediatype": "text/csv",
      "zip_bytes": 539510706,
      "zip_name": "EPD_201512.zip",
      "zip_title": "EPD 201512.zip",
      "zip_url": "https://storage.googleapis.com/datopian-nhs/DATOPIAN_DATA/EPD_201512.zip",
      "zip_format": "zip",
      "bq_table_name": "EPD_201512",
      "bq_table_id": "bigquerytest-271707.nhs_production.EPD_201512"
    },
    {
      "name": "EPD_201601",
      "path": "https://storage.googleapis.com/datopian-nhs/csv/EPD_201601.csv",
      "bytes": 6502438061,
      "title": "English Prescribing Dataset (EPD) - Jan 2016",
      "format": "csv",
      "mediatype": "text/csv",
      "zip_bytes": 521395036,
      "zip_name": "EPD_201601.zip",
      "zip_title": "EPD 201601.zip",
      "zip_url": "https://storage.googleapis.com/datopian-nhs/DATOPIAN_DATA/EPD_201601.zip",
      "zip_format": "zip",
      "bq_table_name": "EPD_201601",
      "bq_table_id": "bigquerytest-271707.nhs_production.EPD_201601"
    },
    {
      "name": "EPD_201602",
      "path": "https://storage.googleapis.com/datopian-nhs/csv/EPD_201602.csv",
      "bytes": 6499299181,
      "title": "English Prescribing Dataset (EPD) - Feb 2016",
      "format": "csv",
      "mediatype": "text/csv",
      "zip_bytes": 521218976,
      "zip_name": "EPD_201602.zip",
      "zip_title": "EPD 201602.zip",
      "zip_url": "https://storage.googleapis.com/datopian-nhs/DATOPIAN_DATA/EPD_201602.zip",
      "zip_format": "zip",
      "bq_table_name": "EPD_201602",
      "bq_table_id": "bigquerytest-271707.nhs_production.EPD_201602"
    },
    {
      "name": "EPD_201603",
      "path": "https://storage.googleapis.com/datopian-nhs/csv/EPD_201603.csv",
      "bytes": 6605242825,
      "title": "English Prescribing Dataset (EPD) - Mar 2016",
      "format": "csv",
      "mediatype": "text/csv",
      "zip_bytes": 529639606,
      "zip_name": "EPD_201603.zip",
      "zip_title": "EPD 201603.zip",
      "zip_url": "https://storage.googleapis.com/datopian-nhs/DATOPIAN_DATA/EPD_201603.zip",
      "zip_format": "zip",
      "bq_table_name": "EPD_201603",
      "bq_table_id": "bigquerytest-271707.nhs_production.EPD_201603"
    },
    {
      "name": "EPD_201604",
      "path": "https://storage.googleapis.com/datopian-nhs/csv/EPD_201604.csv",
      "bytes": 6672815819,
      "title": "English Prescribing Dataset (EPD) - Apr 2016",
      "format": "csv",
      "mediatype": "text/csv",
      "zip_bytes": 534259276,
      "zip_name": "EPD_201604.zip",
      "zip_title": "EPD 201604.zip",
      "zip_url": "https://storage.googleapis.com/datopian-nhs/DATOPIAN_DATA/EPD_201604.zip",
      "zip_format": "zip",
      "bq_table_name": "EPD_201604",
      "bq_table_id": "bigquerytest-271707.nhs_production.EPD_201604"
    },
    {
      "name": "EPD_201605",
      "path": "https://storage.googleapis.com/datopian-nhs/csv/EPD_201605.csv",
      "bytes": 6560464349,
      "title": "English Prescribing Dataset (EPD) - May 2016",
      "format": "csv",
      "mediatype": "text/csv",
      "zip_bytes": 524994122,
      "zip_name": "EPD_201605.zip",
      "zip_title": "EPD 201605.zip",
      "zip_url": "https://storage.googleapis.com/datopian-nhs/DATOPIAN_DATA/EPD_201605.zip",
      "zip_format": "zip",
      "bq_table_name": "EPD_201605",
      "bq_table_id": "bigquerytest-271707.nhs_production.EPD_201605"
    },
    {
      "name": "EPD_201606",
      "path": "https://storage.googleapis.com/datopian-nhs/csv/EPD_201606.csv",
      "bytes": 6681070244,
      "title": "English Prescribing Dataset (EPD) - Jun 2016",
      "format": "csv",
      "mediatype": "text/csv",
      "zip_bytes": 534928889,
      "zip_name": "EPD_201606.zip",
      "zip_title": "EPD 201606.zip",
      "zip_url": "https://storage.googleapis.com/datopian-nhs/DATOPIAN_DATA/EPD_201606.zip",
      "zip_format": "zip",
      "bq_table_name": "EPD_201606",
      "bq_table_id": "bigquerytest-271707.nhs_production.EPD_201606"
    },
    {
      "name": "EPD_201607",
      "path": "https://storage.googleapis.com/datopian-nhs/csv/EPD_201607.csv",
      "bytes": 6618266986,
      "title": "English Prescribing Dataset (EPD) - Jul 2016",
      "format": "csv",
      "mediatype": "text/csv",
      "zip_bytes": 529524147,
      "zip_name": "EPD_201607.zip",
      "zip_title": "EPD 201607.zip",
      "zip_url": "https://storage.googleapis.com/datopian-nhs/DATOPIAN_DATA/EPD_201607.zip",
      "zip_format": "zip",
      "bq_table_name": "EPD_201607",
      "bq_table_id": "bigquerytest-271707.nhs_production.EPD_201607"
    },
    {
      "name": "EPD_201608",
      "path": "https://storage.googleapis.com/datopian-nhs/csv/EPD_201608.csv",
      "bytes": 6571000457,
      "title": "English Prescribing Dataset (EPD) - Aug 2016",
      "format": "csv",
      "mediatype": "text/csv",
      "zip_bytes": 525220978,
      "zip_name": "EPD_201608.zip",
      "zip_title": "EPD 201608.zip",
      "zip_url": "https://storage.googleapis.com/datopian-nhs/DATOPIAN_DATA/EPD_201608.zip",
      "zip_format": "zip",
      "bq_table_name": "EPD_201608",
      "bq_table_id": "bigquerytest-271707.nhs_production.EPD_201608"
    },
    {
      "name": "EPD_201609",
      "path": "https://storage.googleapis.com/datopian-nhs/csv/EPD_201609.csv",
      "bytes": 6623735176,
      "title": "English Prescribing Dataset (EPD) - Sep 2016",
      "format": "csv",
      "mediatype": "text/csv",
      "zip_bytes": 530039835,
      "zip_name": "EPD_201609.zip",
      "zip_title": "EPD 201609.zip",
      "zip_url": "https://storage.googleapis.com/datopian-nhs/DATOPIAN_DATA/EPD_201609.zip",
      "zip_format": "zip",
      "bq_table_name": "EPD_201609",
      "bq_table_id": "bigquerytest-271707.nhs_production.EPD_201609"
    },
    {
      "name": "EPD_201610",
      "path": "https://storage.googleapis.com/datopian-nhs/csv/EPD_201610.csv",
      "bytes": 6533503277,
      "title": "English Prescribing Dataset (EPD) - Oct 2016",
      "format": "csv",
      "mediatype": "text/csv",
      "zip_bytes": 523178960,
      "zip_name": "EPD_201610.zip",
      "zip_title": "EPD 201610.zip",
      "zip_url": "https://storage.googleapis.com/datopian-nhs/DATOPIAN_DATA/EPD_201610.zip",
      "zip_format": "zip",
      "bq_table_name": "EPD_201610",
      "bq_table_id": "bigquerytest-271707.nhs_production.EPD_201610"
    },
    {
      "name": "EPD_201611",
      "path": "https://storage.googleapis.com/datopian-nhs/csv/EPD_201611.csv",
      "bytes": 6637600310,
      "title": "English Prescribing Dataset (EPD) - Nov 2016",
      "format": "csv",
      "mediatype": "text/csv",
      "zip_bytes": 530863204,
      "zip_name": "EPD_201611.zip",
      "zip_title": "EPD 201611.zip",
      "zip_url": "https://storage.googleapis.com/datopian-nhs/DATOPIAN_DATA/EPD_201611.zip",
      "zip_format": "zip",
      "bq_table_name": "EPD_201611",
      "bq_table_id": "bigquerytest-271707.nhs_production.EPD_201611"
    },
    {
      "name": "EPD_201612",
      "path": "https://storage.googleapis.com/datopian-nhs/csv/EPD_201612.csv",
      "bytes": 6632344885,
      "title": "English Prescribing Dataset (EPD) - Dec 2016",
      "format": "csv",
      "mediatype": "text/csv",
      "zip_bytes": 526566623,
      "zip_name": "EPD_201612.zip",
      "zip_title": "EPD 201612.zip",
      "zip_url": "https://storage.googleapis.com/datopian-nhs/DATOPIAN_DATA/EPD_201612.zip",
      "zip_format": "zip",
      "bq_table_name": "EPD_201612",
      "bq_table_id": "bigquerytest-271707.nhs_production.EPD_201612"
    },
    {
      "name": "EPD_201701",
      "path": "https://storage.googleapis.com/datopian-nhs/csv/EPD_201701.csv",
      "bytes": 6528466025,
      "title": "English Prescribing Dataset (EPD) - Jan 2017",
      "format": "csv",
      "mediatype": "text/csv",
      "zip_bytes": 521454318,
      "zip_name": "EPD_201701.zip",
      "zip_title": "EPD 201701.zip",
      "zip_url": "https://storage.googleapis.com/datopian-nhs/DATOPIAN_DATA/EPD_201701.zip",
      "zip_format": "zip",
      "bq_table_name": "EPD_201701",
      "bq_table_id": "bigquerytest-271707.nhs_production.EPD_201701"
    },
    {
      "name": "EPD_201702",
      "path": "https://storage.googleapis.com/datopian-nhs/csv/EPD_201702.csv",
      "bytes": 6334135131,
      "title": "English Prescribing Dataset (EPD) - Feb 2017",
      "format": "csv",
      "mediatype": "text/csv",
      "zip_bytes": 506476920,
      "zip_name": "EPD_201702.zip",
      "zip_title": "EPD 201702.zip",
      "zip_url": "https://storage.googleapis.com/datopian-nhs/DATOPIAN_DATA/EPD_201702.zip",
      "zip_format": "zip",
      "bq_table_name": "EPD_201702",
      "bq_table_id": "bigquerytest-271707.nhs_production.EPD_201702"
    },
    {
      "name": "EPD_201703",
      "path": "https://storage.googleapis.com/datopian-nhs/csv/EPD_201703.csv",
      "bytes": 6738062550,
      "title": "English Prescribing Dataset (EPD) - Mar 2017",
      "format": "csv",
      "mediatype": "text/csv",
      "zip_bytes": 538304418,
      "zip_name": "EPD_201703.zip",
      "zip_title": "EPD 201703.zip",
      "zip_url": "https://storage.googleapis.com/datopian-nhs/DATOPIAN_DATA/EPD_201703.zip",
      "zip_format": "zip",
      "bq_table_name": "EPD_201703",
      "bq_table_id": "bigquerytest-271707.nhs_production.EPD_201703"
    },
    {
      "name": "EPD_201704",
      "path": "https://storage.googleapis.com/datopian-nhs/csv/EPD_201704.csv",
      "bytes": 6332983079,
      "title": "English Prescribing Dataset (EPD) - Apr 2017",
      "format": "csv",
      "mediatype": "text/csv",
      "zip_bytes": 505967311,
      "zip_name": "EPD_201704.zip",
      "zip_title": "EPD 201704.zip",
      "zip_url": "https://storage.googleapis.com/datopian-nhs/DATOPIAN_DATA/EPD_201704.zip",
      "zip_format": "zip",
      "bq_table_name": "EPD_201704",
      "bq_table_id": "bigquerytest-271707.nhs_production.EPD_201704"
    },
    {
      "name": "EPD_201705",
      "path": "https://storage.googleapis.com/datopian-nhs/csv/EPD_201705.csv",
      "bytes": 6612163703,
      "title": "English Prescribing Dataset (EPD) - May 2017",
      "format": "csv",
      "mediatype": "text/csv",
      "zip_bytes": 528248930,
      "zip_name": "EPD_201705.zip",
      "zip_title": "EPD 201705.zip",
      "zip_url": "https://storage.googleapis.com/datopian-nhs/DATOPIAN_DATA/EPD_201705.zip",
      "zip_format": "zip",
      "bq_table_name": "EPD_201705",
      "bq_table_id": "bigquerytest-271707.nhs_production.EPD_201705"
    },
    {
      "name": "EPD_201706",
      "path": "https://storage.googleapis.com/datopian-nhs/csv/EPD_201706.csv",
      "bytes": 6638594754,
      "title": "English Prescribing Dataset (EPD) - Jun 2017",
      "format": "csv",
      "mediatype": "text/csv",
      "zip_bytes": 530688892,
      "zip_name": "EPD_201706.zip",
      "zip_title": "EPD 201706.zip",
      "zip_url": "https://storage.googleapis.com/datopian-nhs/DATOPIAN_DATA/EPD_201706.zip",
      "zip_format": "zip",
      "bq_table_name": "EPD_201706",
      "bq_table_id": "bigquerytest-271707.nhs_production.EPD_201706"
    },
    {
      "name": "EPD_201707",
      "path": "https://storage.googleapis.com/datopian-nhs/csv/EPD_201707.csv",
      "bytes": 6542820179,
      "title": "English Prescribing Dataset (EPD) - Jul 2017",
      "format": "csv",
      "mediatype": "text/csv",
      "zip_bytes": 522482983,
      "zip_name": "EPD_201707.zip",
      "zip_title": "EPD 201707.zip",
      "zip_url": "https://storage.googleapis.com/datopian-nhs/DATOPIAN_DATA/EPD_201707.zip",
      "zip_format": "zip",
      "bq_table_name": "EPD_201707",
      "bq_table_id": "bigquerytest-271707.nhs_production.EPD_201707"
    },
    {
      "name": "EPD_201708",
      "path": "https://storage.googleapis.com/datopian-nhs/csv/EPD_201708.csv",
      "bytes": 6498314655,
      "title": "English Prescribing Dataset (EPD) - Aug 2017",
      "format": "csv",
      "mediatype": "text/csv",
      "zip_bytes": 519083715,
      "zip_name": "EPD_201708.zip",
      "zip_title": "EPD 201708.zip",
      "zip_url": "https://storage.googleapis.com/datopian-nhs/DATOPIAN_DATA/EPD_201708.zip",
      "zip_format": "zip",
      "bq_table_name": "EPD_201708",
      "bq_table_id": "bigquerytest-271707.nhs_production.EPD_201708"
    },
    {
      "name": "EPD_201709",
      "path": "https://storage.googleapis.com/datopian-nhs/csv/EPD_201709.csv",
      "bytes": 6461136817,
      "title": "English Prescribing Dataset (EPD) - Sep 2017",
      "format": "csv",
      "mediatype": "text/csv",
      "zip_bytes": 516263623,
      "zip_name": "EPD_201709.zip",
      "zip_title": "EPD 201709.zip",
      "zip_url": "https://storage.googleapis.com/datopian-nhs/DATOPIAN_DATA/EPD_201709.zip",
      "zip_format": "zip",
      "bq_table_name": "EPD_201709",
      "bq_table_id": "bigquerytest-271707.nhs_production.EPD_201709"
    },
    {
      "name": "EPD_201710",
      "path": "https://storage.googleapis.com/datopian-nhs/csv/EPD_201710.csv",
      "bytes": 6511278231,
      "title": "English Prescribing Dataset (EPD) - Oct 2017",
      "format": "csv",
      "mediatype": "text/csv",
      "zip_bytes": 518162742,
      "zip_name": "EPD_201710.zip",
      "zip_title": "EPD 201710.zip",
      "zip_url": "https://storage.googleapis.com/datopian-nhs/DATOPIAN_DATA/EPD_201710.zip",
      "zip_format": "zip",
      "bq_table_name": "EPD_201710",
      "bq_table_id": "bigquerytest-271707.nhs_production.EPD_201710"
    },
    {
      "name": "EPD_201711",
      "path": "https://storage.googleapis.com/datopian-nhs/csv/EPD_201711.csv",
      "bytes": 6539892557,
      "title": "English Prescribing Dataset (EPD) - Nov 2017",
      "format": "csv",
      "mediatype": "text/csv",
      "zip_bytes": 522399853,
      "zip_name": "EPD_201711.zip",
      "zip_title": "EPD 201711.zip",
      "zip_url": "https://storage.googleapis.com/datopian-nhs/DATOPIAN_DATA/EPD_201711.zip",
      "zip_format": "zip",
      "bq_table_name": "EPD_201711",
      "bq_table_id": "bigquerytest-271707.nhs_production.EPD_201711"
    },
    {
      "name": "EPD_201712",
      "path": "https://storage.googleapis.com/datopian-nhs/csv/EPD_201712.csv",
      "bytes": 6442270750,
      "title": "English Prescribing Dataset (EPD) - Dec 2017",
      "format": "csv",
      "mediatype": "text/csv",
      "zip_bytes": 514060622,
      "zip_name": "EPD_201712.zip",
      "zip_title": "EPD 201712.zip",
      "zip_url": "https://storage.googleapis.com/datopian-nhs/DATOPIAN_DATA/EPD_201712.zip",
      "zip_format": "zip",
      "bq_table_name": "EPD_201712",
      "bq_table_id": "bigquerytest-271707.nhs_production.EPD_201712"
    },
    {
      "name": "EPD_201801",
      "path": "https://storage.googleapis.com/datopian-nhs/csv/EPD_201801.csv",
      "bytes": 6536042293,
      "title": "English Prescribing Dataset (EPD) - Jan 2018",
      "format": "csv",
      "mediatype": "text/csv",
      "zip_bytes": 521364083,
      "zip_name": "EPD_201801.zip",
      "zip_title": "EPD 201801.zip",
      "zip_url": "https://storage.googleapis.com/datopian-nhs/DATOPIAN_DATA/EPD_201801.zip",
      "zip_format": "zip",
      "bq_table_name": "EPD_201801",
      "bq_table_id": "bigquerytest-271707.nhs_production.EPD_201801"
    },
    {
      "name": "EPD_201802",
      "path": "https://storage.googleapis.com/datopian-nhs/csv/EPD_201802.csv",
      "bytes": 6230694243,
      "title": "English Prescribing Dataset (EPD) - Feb 2018",
      "format": "csv",
      "mediatype": "text/csv",
      "zip_bytes": 497173695,
      "zip_name": "EPD_201802.zip",
      "zip_title": "EPD 201802.zip",
      "zip_url": "https://storage.googleapis.com/datopian-nhs/DATOPIAN_DATA/EPD_201802.zip",
      "zip_format": "zip",
      "bq_table_name": "EPD_201802",
      "bq_table_id": "bigquerytest-271707.nhs_production.EPD_201802"
    },
    {
      "name": "EPD_201803",
      "path": "https://storage.googleapis.com/datopian-nhs/csv/EPD_201803.csv",
      "bytes": 6471810879,
      "title": "English Prescribing Dataset (EPD) - Mar 2018",
      "format": "csv",
      "mediatype": "text/csv",
      "zip_bytes": 516008749,
      "zip_name": "EPD_201803.zip",
      "zip_title": "EPD 201803.zip",
      "zip_url": "https://storage.googleapis.com/datopian-nhs/DATOPIAN_DATA/EPD_201803.zip",
      "zip_format": "zip",
      "bq_table_name": "EPD_201803",
      "bq_table_id": "bigquerytest-271707.nhs_production.EPD_201803"
    },
    {
      "name": "EPD_201804",
      "path": "https://storage.googleapis.com/datopian-nhs/csv/EPD_201804.csv",
      "bytes": 6382874478,
      "title": "English Prescribing Dataset (EPD) - Apr 2018",
      "format": "csv",
      "mediatype": "text/csv",
      "zip_bytes": 508776358,
      "zip_name": "EPD_201804.zip",
      "zip_title": "EPD 201804.zip",
      "zip_url": "https://storage.googleapis.com/datopian-nhs/DATOPIAN_DATA/EPD_201804.zip",
      "zip_format": "zip",
      "bq_table_name": "EPD_201804",
      "bq_table_id": "bigquerytest-271707.nhs_production.EPD_201804"
    },
    {
      "name": "EPD_201805",
      "path": "https://storage.googleapis.com/datopian-nhs/csv/EPD_201805.csv",
      "bytes": 6478199325,
      "title": "English Prescribing Dataset (EPD) - May 2018",
      "format": "csv",
      "mediatype": "text/csv",
      "zip_bytes": 516066049,
      "zip_name": "EPD_201805.zip",
      "zip_title": "EPD 201805.zip",
      "zip_url": "https://storage.googleapis.com/datopian-nhs/DATOPIAN_DATA/EPD_201805.zip",
      "zip_format": "zip",
      "bq_table_name": "EPD_201805",
      "bq_table_id": "bigquerytest-271707.nhs_production.EPD_201805"
    },
    {
      "name": "EPD_201806",
      "path": "https://storage.googleapis.com/datopian-nhs/csv/EPD_201806.csv",
      "bytes": 6423448332,
      "title": "English Prescribing Dataset (EPD) - Jun 2018",
      "format": "csv",
      "mediatype": "text/csv",
      "zip_bytes": 512249491,
      "zip_name": "EPD_201806.zip",
      "zip_title": "EPD 201806.zip",
      "zip_url": "https://storage.googleapis.com/datopian-nhs/DATOPIAN_DATA/EPD_201806.zip",
      "zip_format": "zip",
      "bq_table_name": "EPD_201806",
      "bq_table_id": "bigquerytest-271707.nhs_production.EPD_201806"
    },
    {
      "name": "EPD_201807",
      "path": "https://storage.googleapis.com/datopian-nhs/csv/EPD_201807.csv",
      "bytes": 6417753871,
      "title": "English Prescribing Dataset (EPD) - Jul 2018",
      "format": "csv",
      "mediatype": "text/csv",
      "zip_bytes": 511560378,
      "zip_name": "EPD_201807.zip",
      "zip_title": "EPD 201807.zip",
      "zip_url": "https://storage.googleapis.com/datopian-nhs/DATOPIAN_DATA/EPD_201807.zip",
      "zip_format": "zip",
      "bq_table_name": "EPD_201807",
      "bq_table_id": "bigquerytest-271707.nhs_production.EPD_201807"
    },
    {
      "name": "EPD_201808",
      "path": "https://storage.googleapis.com/datopian-nhs/csv/EPD_201808.csv",
      "bytes": 6389727634,
      "title": "English Prescribing Dataset (EPD) - Aug 2018",
      "format": "csv",
      "mediatype": "text/csv",
      "zip_bytes": 509504004,
      "zip_name": "EPD_201808.zip",
      "zip_title": "EPD 201808.zip",
      "zip_url": "https://storage.googleapis.com/datopian-nhs/DATOPIAN_DATA/EPD_201808.zip",
      "zip_format": "zip",
      "bq_table_name": "EPD_201808",
      "bq_table_id": "bigquerytest-271707.nhs_production.EPD_201808"
    },
    {
      "name": "EPD_201809",
      "path": "https://storage.googleapis.com/datopian-nhs/csv/EPD_201809.csv",
      "bytes": 6248058372,
      "title": "English Prescribing Dataset (EPD) - Sep 2018",
      "format": "csv",
      "mediatype": "text/csv",
      "zip_bytes": 498067173,
      "zip_name": "EPD_201809.zip",
      "zip_title": "EPD 201809.zip",
      "zip_url": "https://storage.googleapis.com/datopian-nhs/DATOPIAN_DATA/EPD_201809.zip",
      "zip_format": "zip",
      "bq_table_name": "EPD_201809",
      "bq_table_id": "bigquerytest-271707.nhs_production.EPD_201809"
    },
    {
      "name": "EPD_201810",
      "path": "https://storage.googleapis.com/datopian-nhs/csv/EPD_201810.csv",
      "bytes": 6461515217,
      "title": "English Prescribing Dataset (EPD) - Oct 2018",
      "format": "csv",
      "mediatype": "text/csv",
      "zip_bytes": 515050085,
      "zip_name": "EPD_201810.zip",
      "zip_title": "EPD 201810.zip",
      "zip_url": "https://storage.googleapis.com/datopian-nhs/DATOPIAN_DATA/EPD_201810.zip",
      "zip_format": "zip",
      "bq_table_name": "EPD_201810",
      "bq_table_id": "bigquerytest-271707.nhs_production.EPD_201810"
    },
    {
      "name": "EPD_201811",
      "path": "https://storage.googleapis.com/datopian-nhs/csv/EPD_201811.csv",
      "bytes": 6384312746,
      "title": "English Prescribing Dataset (EPD) - Nov 2018",
      "format": "csv",
      "mediatype": "text/csv",
      "zip_bytes": 508110400,
      "zip_name": "EPD_201811.zip",
      "zip_title": "EPD 201811.zip",
      "zip_url": "https://storage.googleapis.com/datopian-nhs/DATOPIAN_DATA/EPD_201811.zip",
      "zip_format": "zip",
      "bq_table_name": "EPD_201811",
      "bq_table_id": "bigquerytest-271707.nhs_production.EPD_201811"
    },
    {
      "name": "EPD_201812",
      "path": "https://storage.googleapis.com/datopian-nhs/csv/EPD_201812.csv",
      "bytes": 6289709861,
      "title": "English Prescribing Dataset (EPD) - Dec 2018",
      "format": "csv",
      "mediatype": "text/csv",
      "zip_bytes": 499971625,
      "zip_name": "EPD_201812.zip",
      "zip_title": "EPD 201812.zip",
      "zip_url": "https://storage.googleapis.com/datopian-nhs/DATOPIAN_DATA/EPD_201812.zip",
      "zip_format": "zip",
      "bq_table_name": "EPD_201812",
      "bq_table_id": "bigquerytest-271707.nhs_production.EPD_201812"
    },
    {
      "name": "EPD_201901",
      "path": "https://storage.googleapis.com/datopian-nhs/csv/EPD_201901.csv",
      "bytes": 6427424177,
      "title": "English Prescribing Dataset (EPD) - Jan 2019",
      "format": "csv",
      "mediatype": "text/csv",
      "zip_bytes": 510883044,
      "zip_name": "EPD_201901.zip",
      "zip_title": "EPD 201901.zip",
      "zip_url": "https://storage.googleapis.com/datopian-nhs/DATOPIAN_DATA/EPD_201901.zip",
      "zip_format": "zip",
      "bq_table_name": "EPD_201901",
      "bq_table_id": "bigquerytest-271707.nhs_production.EPD_201901"
    },
    {
      "name": "EPD_201902",
      "path": "https://storage.googleapis.com/datopian-nhs/csv/EPD_201902.csv",
      "bytes": 6127038320,
      "title": "English Prescribing Dataset (EPD) - Feb 2019",
      "format": "csv",
      "mediatype": "text/csv",
      "zip_bytes": 487005412,
      "zip_name": "EPD_201902.zip",
      "zip_title": "EPD 201902.zip",
      "zip_url": "https://storage.googleapis.com/datopian-nhs/DATOPIAN_DATA/EPD_201902.zip",
      "zip_format": "zip",
      "bq_table_name": "EPD_201902",
      "bq_table_id": "bigquerytest-271707.nhs_production.EPD_201902"
    },
    {
      "name": "EPD_201903",
      "path": "https://storage.googleapis.com/datopian-nhs/csv/EPD_201903.csv",
      "bytes": 6356547665,
      "title": "English Prescribing Dataset (EPD) - Mar 2019",
      "format": "csv",
      "mediatype": "text/csv",
      "zip_bytes": 505605028,
      "zip_name": "EPD_201903.zip",
      "zip_title": "EPD 201903.zip",
      "zip_url": "https://storage.googleapis.com/datopian-nhs/DATOPIAN_DATA/EPD_201903.zip",
      "zip_format": "zip",
      "bq_table_name": "EPD_201903",
      "bq_table_id": "bigquerytest-271707.nhs_production.EPD_201903"
    },
    {
      "name": "EPD_201904",
      "path": "https://storage.googleapis.com/datopian-nhs/csv/EPD_201904.csv",
      "bytes": 6207764069,
      "title": "English Prescribing Dataset (EPD) - Apr 2019",
      "format": "csv",
      "mediatype": "text/csv",
      "zip_bytes": 494419314,
      "zip_name": "EPD_201904.zip",
      "zip_title": "EPD 201904.zip",
      "zip_url": "https://storage.googleapis.com/datopian-nhs/DATOPIAN_DATA/EPD_201904.zip",
      "zip_format": "zip",
      "bq_table_name": "EPD_201904",
      "bq_table_id": "bigquerytest-271707.nhs_production.EPD_201904"
    },
    {
      "name": "EPD_201905",
      "path": "https://storage.googleapis.com/datopian-nhs/csv/EPD_201905.csv",
      "bytes": 6388972369,
      "title": "English Prescribing Dataset (EPD) - May 2019",
      "format": "csv",
      "mediatype": "text/csv",
      "zip_bytes": 509015705,
      "zip_name": "EPD_201905.zip",
      "zip_title": "EPD 201905.zip",
      "zip_url": "https://storage.googleapis.com/datopian-nhs/DATOPIAN_DATA/EPD_201905.zip",
      "zip_format": "zip",
      "bq_table_name": "EPD_201905",
      "bq_table_id": "bigquerytest-271707.nhs_production.EPD_201905"
    },
    {
      "name": "EPD_201906",
      "path": "https://storage.googleapis.com/datopian-nhs/csv/EPD_201906.csv",
      "bytes": 6210858469,
      "title": "English Prescribing Dataset (EPD) - Jun 2019",
      "format": "csv",
      "mediatype": "text/csv",
      "zip_bytes": 494523768,
      "zip_name": "EPD_201906.zip",
      "zip_title": "EPD 201906.zip",
      "zip_url": "https://storage.googleapis.com/datopian-nhs/DATOPIAN_DATA/EPD_201906.zip",
      "zip_format": "zip",
      "bq_table_name": "EPD_201906",
      "bq_table_id": "bigquerytest-271707.nhs_production.EPD_201906"
    },
    {
      "name": "EPD_201907",
      "path": "https://storage.googleapis.com/datopian-nhs/csv/EPD_201907.csv",
      "bytes": 6276975472,
      "title": "English Prescribing Dataset (EPD) - Jul 2019",
      "format": "csv",
      "mediatype": "text/csv",
      "zip_bytes": 501046232,
      "zip_name": "EPD_201907.zip",
      "zip_title": "EPD 201907.zip",
      "zip_url": "https://storage.googleapis.com/datopian-nhs/DATOPIAN_DATA/EPD_201907.zip",
      "zip_format": "zip",
      "bq_table_name": "EPD_201907",
      "bq_table_id": "bigquerytest-271707.nhs_production.EPD_201907"
    },
    {
      "name": "EPD_201908",
      "path": "https://storage.googleapis.com/datopian-nhs/csv/EPD_201908.csv",
      "bytes": 6318711379,
      "title": "English Prescribing Dataset (EPD) - Aug 2019",
      "format": "csv",
      "mediatype": "text/csv",
      "zip_bytes": 503378832,
      "zip_name": "EPD_201908.zip",
      "zip_title": "EPD 201908.zip",
      "zip_url": "https://storage.googleapis.com/datopian-nhs/DATOPIAN_DATA/EPD_201908.zip",
      "zip_format": "zip",
      "bq_table_name": "EPD_201908",
      "bq_table_id": "bigquerytest-271707.nhs_production.EPD_201908"
    },
    {
      "name": "EPD_201909",
      "path": "https://storage.googleapis.com/datopian-nhs/csv/EPD_201909.csv",
      "bytes": 6209182387,
      "title": "English Prescribing Dataset (EPD) - Sep 2019",
      "format": "csv",
      "mediatype": "text/csv",
      "zip_bytes": 494554474,
      "zip_name": "EPD_201909.zip",
      "zip_title": "EPD 201909.zip",
      "zip_url": "https://storage.googleapis.com/datopian-nhs/DATOPIAN_DATA/EPD_201909.zip",
      "zip_format": "zip",
      "bq_table_name": "EPD_201909",
      "bq_table_id": "bigquerytest-271707.nhs_production.EPD_201909"
    },
    {
      "name": "EPD_201910",
      "path": "https://storage.googleapis.com/datopian-nhs/csv/EPD_201910.csv",
      "bytes": 6374024075,
      "title": "English Prescribing Dataset (EPD) - Oct 2019",
      "format": "csv",
      "mediatype": "text/csv",
      "zip_bytes": 507743162,
      "zip_name": "EPD_201910.zip",
      "zip_title": "EPD 201910.zip",
      "zip_url": "https://storage.googleapis.com/datopian-nhs/DATOPIAN_DATA/EPD_201910.zip",
      "zip_format": "zip",
      "bq_table_name": "EPD_201910",
      "bq_table_id": "bigquerytest-271707.nhs_production.EPD_201910"
    },
    {
      "name": "EPD_201911",
      "path": "https://storage.googleapis.com/datopian-nhs/csv/EPD_201911.csv",
      "bytes": 6244277077,
      "title": "English Prescribing Dataset (EPD) - Nov 2019",
      "format": "csv",
      "mediatype": "text/csv",
      "zip_bytes": 497365416,
      "zip_name": "EPD_201911.zip",
      "zip_title": "EPD 201911.zip",
      "zip_url": "https://storage.googleapis.com/datopian-nhs/DATOPIAN_DATA/EPD_201911.zip",
      "zip_format": "zip",
      "bq_table_name": "EPD_201911",
      "bq_table_id": "bigquerytest-271707.nhs_production.EPD_201911"
    },
    {
      "name": "EPD_201912",
      "path": "https://storage.googleapis.com/datopian-nhs/csv/EPD_201912.csv",
      "bytes": 6222669378,
      "title": "English Prescribing Dataset (EPD) - Dec 2019",
      "format": "csv",
      "mediatype": "text/csv",
      "zip_bytes": 495200305,
      "zip_name": "EPD_201912.zip",
      "zip_title": "EPD 201912.zip",
      "zip_url": "https://storage.googleapis.com/datopian-nhs/DATOPIAN_DATA/EPD_201912.zip",
      "zip_format": "zip",
      "bq_table_name": "EPD_201912",
      "bq_table_id": "bigquerytest-271707.nhs_production.EPD_201912"
    },
    {
      "name": "EPD_202001",
      "path": "https://storage.googleapis.com/datopian-nhs/csv/EPD_202001.csv",
      "bytes": 6331817083,
      "title": "English Prescribing Dataset (EPD) - Jan 2020",
      "format": "csv",
      "mediatype": "text/csv",
      "zip_bytes": 503713957,
      "zip_name": "EPD_202001.zip",
      "zip_title": "EPD 202001.zip",
      "zip_url": "https://storage.googleapis.com/datopian-nhs/DATOPIAN_DATA/EPD_202001.zip",
      "zip_format": "zip",
      "bq_table_name": "EPD_202001",
      "bq_table_id": "bigquerytest-271707.nhs_production.EPD_202001"
    },
    {
      "name": "EPD_202002",
      "path": "https://storage.googleapis.com/datopian-nhs/csv/EPD_202002.csv",
      "bytes": 6085383779,
      "title": "English Prescribing Dataset (EPD) - Feb 2020",
      "format": "csv",
      "mediatype": "text/csv",
      "zip_bytes": 484648391,
      "zip_name": "EPD_202002.zip",
      "zip_title": "EPD 202002.zip",
      "zip_url": "https://storage.googleapis.com/datopian-nhs/DATOPIAN_DATA/EPD_202002.zip",
      "zip_format": "zip",
      "bq_table_name": "EPD_202002",
      "bq_table_id": "bigquerytest-271707.nhs_production.EPD_202002"
    },
    {
      "name": "EPD_202003",
      "path": "https://storage.googleapis.com/datopian-nhs/csv/EPD_202003.csv",
      "bytes": 6417737367,
      "title": "English Prescribing Dataset (EPD) - Mar 2020",
      "format": "csv",
      "mediatype": "text/csv",
      "zip_bytes": 510147025,
      "zip_name": "EPD_202003.zip",
      "zip_title": "EPD 202003.zip",
      "zip_url": "https://storage.googleapis.com/datopian-nhs/DATOPIAN_DATA/EPD_202003.zip",
      "zip_format": "zip",
      "bq_table_name": "EPD_202003",
      "bq_table_id": "bigquerytest-271707.nhs_production.EPD_202003"
    },
    {
      "name": "EPD_202004",
      "path": "https://storage.googleapis.com/datopian-nhs/csv/EPD_202004.csv",
      "bytes": 6099740175,
      "title": "English Prescribing Dataset (EPD) - Apr 2020",
      "format": "csv",
      "mediatype": "text/csv",
      "zip_bytes": 485951361,
      "zip_name": "EPD_202004.zip",
      "zip_title": "EPD 202004.zip",
      "zip_url": "https://storage.googleapis.com/datopian-nhs/DATOPIAN_DATA/EPD_202004.zip",
      "zip_format": "zip",
      "bq_table_name": "EPD_202004",
      "bq_table_id": "bigquerytest-271707.nhs_production.EPD_202004"
    },
    {
      "name": "EPD_202005",
      "path": "https://storage.googleapis.com/datopian-nhs/csv/EPD_202005.csv",
      "bytes": 5949895844,
      "title": "English Prescribing Dataset (EPD) - May 2020",
      "format": "csv",
      "mediatype": "text/csv",
      "zip_bytes": 472790467,
      "zip_name": "EPD_202005.zip",
      "zip_title": "EPD 202005.zip",
      "zip_url": "https://storage.googleapis.com/datopian-nhs/DATOPIAN_DATA/EPD_202005.zip",
      "zip_format": "zip",
      "bq_table_name": "EPD_202005",
      "bq_table_id": "bigquerytest-271707.nhs_production.EPD_202005"
    },
    {
      "name": "EPD_202006",
      "path": "https://storage.googleapis.com/datopian-nhs/csv/EPD_202006.csv",
      "bytes": 6049794510,
      "title": "English Prescribing Dataset (EPD) - Jun 2020",
      "format": "csv",
      "mediatype": "text/csv",
      "zip_bytes": 480566363,
      "zip_name": "EPD_202006.zip",
      "zip_title": "EPD 202006.zip",
      "zip_url": "https://storage.googleapis.com/datopian-nhs/DATOPIAN_DATA/EPD_202006.zip",
      "zip_format": "zip",
      "bq_table_name": "EPD_202006",
      "bq_table_id": "bigquerytest-271707.nhs_production.EPD_202006"
    },
    {
      "name": "EPD_202007",
      "path": "https://storage.googleapis.com/datopian-nhs/csv/EPD_202007.csv",
      "bytes": 6131440893,
      "title": "English Prescribing Dataset (EPD) - Jul 2020",
      "format": "csv",
      "mediatype": "text/csv",
      "zip_bytes": 487940302,
      "zip_name": "EPD_202007.zip",
      "zip_title": "EPD 202007.zip",
      "zip_url": "https://storage.googleapis.com/datopian-nhs/DATOPIAN_DATA/EPD_202007.zip",
      "zip_format": "zip",
      "bq_table_name": "EPD_202007",
      "bq_table_id": "bigquerytest-271707.nhs_production.EPD_202007"
    },
    {
      "name": "EPD_202008",
      "path": "https://storage.googleapis.com/datopian-nhs/csv/EPD_202008.csv",
      "bytes": 5886184853,
      "title": "English Prescribing Dataset (EPD) - Aug 2020",
      "format": "csv",
      "mediatype": "text/csv",
      "zip_bytes": 474158190,
      "zip_name": "EPD_202008.zip",
      "zip_title": "EPD 202008.zip",
      "zip_url": "https://storage.googleapis.com/datopian-nhs/DATOPIAN_DATA/EPD_202008.zip",
      "zip_format": "zip",
      "bq_table_name": "EPD_202008",
      "bq_table_id": "bigquerytest-271707.nhs_production.EPD_202008"
    },
    {
      "name": "EPD_202009",
      "path": "https://storage.googleapis.com/datopian-nhs/csv/EPD_202009.csv",
      "bytes": 6123004378,
      "title": "English Prescribing Dataset (EPD) - Sep 2020",
      "format": "csv",
      "mediatype": "text/csv",
      "zip_bytes": 492987692,
      "zip_name": "EPD_202009.zip",
      "zip_title": "EPD 202009.zip",
      "zip_url": "https://storage.googleapis.com/datopian-nhs/DATOPIAN_DATA/EPD_202009.zip",
      "zip_format": "zip",
      "bq_table_name": "EPD_202009",
      "bq_table_id": "bigquerytest-271707.nhs_production.EPD_202009"
    }
  ]
}