{
  "name": "datopian-nhs",
  "provider": "gcs",
  "bucket": "datopian-nhs",
  "resources": [
    {
      "name": "EPD_201401.csv",
      "path": "csv/EPD_201401.csv",
      "bytes": 6618466913
    },
    {
      "name": "EPD_201402.csv",
      "path": "csv/EPD_201402.csv",
      "bytes": 6338104373
    },
    {
      "name": "EPD_201403.csv",
      "path": "csv/EPD_201403.csv",
      "bytes": 6566143868
    },
    {
      "name": "EPD_201404.csv",
      "path": "csv/EPD_201404.csv",
      "bytes": 6501875269
    },
    {
      "name": "EPD_201405.csv",
      "path": "csv/EPD_201405.csv",
      "bytes": 6623562645
    },
    {
      "name": "EPD_201406.csv",
      "path": "csv/EPD_201406.csv",
      "bytes": 6566226507
    },
    {
      "name": "EPD_201407.csv",
      "path": "csv/EPD_201407.csv",
      "bytes": 6716455432
    },
    {
      "name": "EPD_201408.csv",
      "path": "csv/EPD_201408.csv",
      "bytes": 6429919266
    },
    {
      "name": "EPD_201409.csv",
      "path": "csv/EPD_201409.csv",
      "bytes": 6609235306
    },
    {
      "name": "EPD_201410.csv",
      "path": "csv/EPD_201410.csv",
      "bytes": 6696235007
    },
    {
      "name": "EPD_201411.csv",
      "path": "csv/EPD_201411.csv",
      "bytes": 6428822520
    },
    {
      "name": "EPD_201412.csv",
      "path": "csv/EPD_201412.csv",
      "bytes": 6692396040
    },
    {
      "name": "EPD_201501.csv",
      "path": "csv/EPD_201501.csv",
      "bytes": 6594120197
    },
    {
      "name": "EPD_201502.csv",
      "path": "csv/EPD_201502.csv",
      "bytes": 6358395221
    },
    {
      "name": "EPD_201503.csv",
      "path": "csv/EPD_201503.csv",
      "bytes": 6637891257
    },
    {
      "name": "EPD_201504.csv",
      "path": "csv/EPD_201504.csv",
      "bytes": 6543173675
    },
    {
      "name": "EPD_201505.csv",
      "path": "csv/EPD_201505.csv",
      "bytes": 6495830210
    },
    {
      "name": "EPD_201506.csv",
      "path": "csv/EPD_201506.csv",
      "bytes": 6665220150
    },
    {
      "name": "EPD_201507.csv",
      "path": "csv/EPD_201507.csv",
      "bytes": 6743928591
    },
    {
      "name": "EPD_201508.csv",
      "path": "csv/EPD_201508.csv",
      "bytes": 6396347778
    },
    {
      "name": "EPD_201509.csv",
      "path": "csv/EPD_201509.csv",
      "bytes": 6597224995
    },
    {
      "name": "EPD_201510.csv",
      "path": "csv/EPD_201510.csv",
      "bytes": 6623164672
    },
    {
      "name": "EPD_201511.csv",
      "path": "csv/EPD_201511.csv",
      "bytes": 6518260183
    },
    {
      "name": "EPD_201512.csv",
      "path": "csv/EPD_201512.csv",
      "bytes": 6730489936
    },
    {
      "name": "EPD_201601.csv",
      "path": "csv/EPD_201601.csv",
      "bytes": 6502438061
    },
    {
      "name": "EPD_201602.csv",
      "path": "csv/EPD_201602.csv",
      "bytes": 6499299181
    },
    {
      "name": "EPD_201603.csv",
      "path": "csv/EPD_201603.csv",
      "bytes": 6605242825
    },
    {
      "name": "EPD_201604.csv",
      "path": "csv/EPD_201604.csv",
      "bytes": 6672815819
    },
    {
      "name": "EPD_201605.csv",
      "path": "csv/EPD_201605.csv",
      "bytes": 6560464349
    },
    {
      "name": "EPD_201606.csv",
      "path": "csv/EPD_201606.csv",
      "bytes": 6681070244
    },
    {
      "name": "EPD_201607.csv",
      "path": "csv/EPD_201607.csv",
      "bytes": 6618266986
    },
    {
      "name": "EPD_201608.csv",
      "path": "csv/EPD_201608.csv",
      "bytes": 6571000457
    },
    {
      "name": "EPD_201609.csv",
      "path": "csv/EPD_201609.csv",
      "bytes": 6623735176
    },
    {
      "name": "EPD_201610.csv",
      "path": "csv/EPD_201610.csv",
      "bytes": 6533503277
    },
    {
      "name": "EPD_201611.csv",
      "path": "csv/EPD_201611.csv",
      "bytes": 6637600310
    },
    {
      "name": "EPD_201612.csv",
      "path": "csv/EPD_201612.csv",
      "bytes": 6632344885
    },
    {
      "name": "EPD_201701.csv",
      "path": "csv/EPD_201701.csv",
      "bytes": 6528466025
    },
    {
      "name": "EPD_201702.csv",
      "path": "csv/EPD_201702.csv",
      "bytes": 6334135131
    },
    {
      "name": "EPD_201703.csv",
      "path": "csv/EPD_201703.csv",
      "bytes": 6738062550
    },
    {
      "name": "EPD_201704.csv",
      "path": "csv/EPD_201704.csv",
      "bytes": 6332983079
    },
    {
      "name": "EPD_201705.csv",
      "path": "csv/EPD_201705.csv",
      "bytes": 6612163703
    },
    {
      "name": "EPD_201706.csv",
      "path": "csv/EPD_201706.csv",
      "bytes": 6638594754
    },
    {
      "name": "EPD_201707.csv",
      "path": "csv/EPD_201707.csv",
      "bytes": 6542820179
    },
    {
      "name": "EPD_201708.csv",
      "path": "csv/EPD_201708.csv",
      "bytes": 6498314655
    },
    {
      "name": "EPD_201709.csv",
      "path": "csv/EPD_201709.csv",
      "bytes": 6461136817
    },
    {
      "name": "EPD_201710.csv",
      "path": "csv/EPD_201710.csv",
      "bytes": 6511278231
    },
    {
      "name": "EPD_201711.csv",
      "path": "csv/EPD_201711.csv",
      "bytes": 6539892557
    },
    {
      "name": "EPD_201712.csv",
      "path": "csv/EPD_201712.csv",
      "bytes": 6442270750
    },
    {
      "name": "EPD_201801.csv",
      "path": "csv/EPD_201801.csv",
      "bytes": 6536042293
    },
    {
      "name": "EPD_201802.csv",
      "path": "csv/EPD_201802.csv",
      "bytes": 6230694243
    },
    {
      "name": "EPD_201803.csv",
      "path": "csv/EPD_201803.csv",
      "bytes": 6471810879
    },
    {
      "name": "EPD_201804.csv",
      "path": "csv/EPD_201804.csv",
      "bytes": 6382874478
    },
    {
      "name": "EPD_201805.csv",
      "path": "csv/EPD_201805.csv",
      "bytes": 6478199325
    },
    {
      "name": "EPD_201806.csv",
      "path": "csv/EPD_201806.csv",
      "bytes": 6423448332
    },
    {
      "name": "EPD_201807.csv",
      "path": "csv/EPD_201807.csv",
      "bytes": 6417753871
    },
    {
      "name": "EPD_201808.csv",
      "path": "csv/EPD_201808.csv",
      "bytes": 6389727634
    },
    {
      "name": "EPD_201809.csv",
      "path": "csv/EPD_201809.csv",
      "bytes": 6248058372
    },
    {
      "name": "EPD_201810.csv",
      "path": "csv/EPD_201810.csv",
      "bytes": 6461515217
    },
    {
      "name": "EPD_201811.csv",
      "path": "csv/EPD_201811.csv",
      "bytes": 6384312746
    },
    {
      "name": "EPD_201812.csv",
      "path": "csv/EPD_201812.csv",
      "bytes": 6289709861
    },
    {
      "name": "EPD_201901.csv",
      "path": "csv/EPD_201901.csv",
      "bytes": 6427424177
    },
    {
      "name": "EPD_201902.csv",
      "path": "csv/EPD_201902.csv",
      "bytes": 6127038320
    },
    {
      "name": "EPD_201903.csv",
      "path": "csv/EPD_201903.csv",
      "bytes": 6356547665
    },
    {
      "name": "EPD_201904.csv",
      "path": "csv/EPD_201904.csv",
      "bytes": 6207764069
    },
    {
      "name": "EPD_201905.csv",
      "path": "csv/EPD_201905.csv",
      "bytes": 6388972369
    },
    {
      "name": "EPD_201906.csv",
      "path": "csv/EPD_201906.csv",
      "bytes": 6210858469
    },
    {
      "name": "EPD_201907.csv",
      "path": "csv/EPD_201907.csv",
      "bytes": 6276975472
    },
    {
      "name": "EPD_201908.csv",
      "path": "csv/EPD_201908.csv",
      "bytes": 6318711379
    },
    {
      "name": "EPD_201909.csv",
      "path": "csv/EPD_201909.csv",
      "bytes": 6209182387
    },
    {
      "name": "EPD_201910.csv",
      "path": "csv/EPD_201910.csv",
      "bytes": 6374024075
    },
    {
      "name": "EPD_201911.csv",
      "path": "csv/EPD_201911.csv",
      "bytes": 6244277077
    },
    {
      "name": "EPD_201912.csv",
      "path": "csv/EPD_201912.csv",
      "bytes": 6222669378
    },
    {
      "name": "EPD_202001.csv",
      "path": "csv/EPD_202001.csv",
      "bytes": 6331817083
    },
    {
      "name": "EPD_202002.csv",
      "path": "csv/EPD_202002.csv",
      "bytes": 6085383779
    },
    {
      "name": "EPD_202003.csv",
      "path": "csv/EPD_202003.csv",
      "bytes": 6417737367
    },
    {
      "name": "EPD_202004.csv",
      "path": "csv/EPD_202004.csv",
      "bytes": 6099740175
    },
    {
      "name": "EPD_202005.csv",
      "path": "csv/EPD_202005.csv",
      "bytes": 5949895844
    },
    {
      "name": "EPD_202006.csv",
      "path": "csv/EPD_202006.csv",
      "bytes": 6049794510
    },
    {
      "name": "EPD_202007.csv",
      "path": "csv/EPD_202007.csv",
      "bytes": 6131440893
    },
    {
      "name": "EPD_202008.csv",
      "path": "csv/EPD_202008.csv",
      "bytes": 5886184853
    },
    {
      "name": "EPD_202009.csv",
      "path": "csv/EPD_202009.csv",
      "bytes": 6123004378
    }
  ]
}