{
  "name": "datopian-nhs",
  "provider": "gcs",
  "bucket": "datopian-nhs",
  "resources": [
    {
      "name": "SCMD_201901.csv",
      "path": "scmd/SCMD_201901.csv",
      "bytes": 31323950
    },
    {
      "name": "SCMD_201902.csv",
      "path": "scmd/SCMD_201902.csv",
      "bytes": 30612375
    },
    {
      "name": "SCMD_201903.csv",
      "path": "scmd/SCMD_201903.csv",
      "bytes": 31136911
    },
    {
      "name": "SCMD_201904.csv",
      "path": "scmd/SCMD_201904.csv",
      "bytes": 30605853
    },
    {
      "name": "SCMD_201905.csv",
      "path": "scmd/SCMD_201905.csv",
      "bytes": 30970048
    },
    {
      "name": "SCMD_201906.csv",
      "path": "scmd/SCMD_201906.csv",
      "bytes": 30464578
    },
    {
      "name": "SCMD_201907.csv",
      "path": "scmd/SCMD_201907.csv",
      "bytes": 31094066
    },
    {
      "name": "SCMD_201908.csv",
      "path": "scmd/SCMD_201908.csv",
      "bytes": 30438294
    },
    {
      "name": "SCMD_201909.csv",
      "path": "scmd/SCMD_201909.csv",
      "bytes": 30381647
    },
    {
      "name": "SCMD_201910.csv",
      "path": "scmd/SCMD_201910.csv",
      "bytes": 31145113
    },
    {
      "name": "SCMD_201911.csv",
      "path": "scmd/SCMD_201911.csv",
      "bytes": 30549701
    },
    {
      "name": "SCMD_201912.csv",
      "path": "scmd/SCMD_201912.csv",
      "bytes": 30473489
    },
    {
      "name": "SCMD_202001.csv",
      "path": "scmd/SCMD_202001.csv",
      "bytes": 30869181
    },
    {
      "name": "SCMD_202002.csv",
      "path": "scmd/SCMD_202002.csv",
      "bytes": 30181150
    },
    {
      "name": "SCMD_202003.csv",
      "path": "scmd/SCMD_202003.csv",
      "bytes": 30376595
    },
    {
      "name": "SCMD_202004.csv",
      "path": "scmd/SCMD_202004.csv",
      "bytes": 27694876
    },
    {
      "name": "SCMD_202005.csv",
      "path": "scmd/SCMD_202005.csv",
      "bytes": 27714256
    },
    {
      "name": "SCMD_202006.csv",
      "path": "scmd/SCMD_202006.csv",
      "bytes": 28543643
    },
    {
      "name": "SCMD_202007.csv",
      "path": "scmd/SCMD_202007.csv",
      "bytes": 29255371
    },
    {
      "name": "SCMD_202008.csv",
      "path": "scmd/SCMD_202008.csv",
      "bytes": 28904660
    },
    {
      "name": "SCMD_202009.csv",
      "path": "scmd/SCMD_202009.csv",
      "bytes": 29855742
    }
  ]
}